word_length,language_afroasiatic,language_native_american,language_creoles,language_indo_european,language_east_asian,language_niger_congo,semcat_1,semcat_2,semcat_3,semcat_4,semcat_5,semcat_6,semcat_7,semcat_8,semcat_9,semcat_10,pos_noun,pos_verb,pos_adj,pos_adv,pos_int,result_count,result_songs,result_artists
6,1,0,0,0,0,0,0,1,0,0,0,0,0,0,0,0,1,0,0,0,0,13,10,14
7,1,0,0,0,0,0,0,1,0,0,0,0,0,0,0,0,1,0,0,0,0,5,3,4
5,1,0,0,0,0,0,1,0,0,0,0,1,0,0,0,0,1,0,0,0,0,16,13,13
4,0,0,0,1,0,0,1,0,0,1,1,0,0,0,0,0,1,1,0,0,0,573,263,220
5,0,0,0,1,0,0,1,0,0,1,1,0,0,0,0,0,1,1,0,0,0,23,21,27
6,0,0,0,1,0,0,0,0,0,0,0,0,0,1,0,0,1,0,1,0,0,2,2,3
4,0,0,0,1,0,0,0,1,0,0,0,0,0,0,0,0,1,1,0,0,0,521,270,225
7,0,0,0,1,0,0,0,0,0,1,0,0,0,1,0,0,1,0,1,0,0,7,4,5
6,0,0,0,1,0,0,1,0,0,0,0,0,0,1,0,0,1,0,1,0,0,76,25,30
7,0,0,0,1,0,0,1,0,0,0,0,0,0,1,0,0,1,0,1,0,0,47,28,35
4,1,0,0,0,0,0,0,0,0,0,0,0,0,1,0,0,1,0,0,0,1,1029,465,288
4,1,0,0,0,0,0,0,0,1,0,0,0,0,1,0,0,1,0,0,0,0,116,75,74
6,1,0,0,0,0,0,0,0,1,0,0,0,0,1,0,0,0,1,0,0,0,85,67,71
7,1,0,0,0,0,0,0,0,1,0,0,0,0,1,0,0,0,1,0,0,0,12,10,13
7,1,0,0,0,0,0,0,0,1,0,0,0,0,1,0,0,0,1,0,0,0,68,55,75
5,1,0,0,0,0,0,0,0,1,0,0,0,0,1,0,0,0,1,1,0,0,160,96,101
2,0,0,0,0,0,1,1,0,0,0,0,0,0,0,0,0,1,0,0,0,0,1639,681,402
3,0,0,0,0,0,1,1,0,0,0,0,0,0,0,0,0,1,0,0,0,0,62,51,56
3,0,0,0,1,0,0,0,0,0,0,0,0,0,1,0,0,1,0,0,0,1,245,91,96
9,0,0,0,1,0,0,0,0,0,0,0,0,0,1,0,0,0,1,0,0,0,46,32,34
8,0,0,0,1,0,0,0,0,0,0,0,0,0,1,0,0,0,1,0,0,0,26,13,31
9,0,0,0,1,0,0,0,0,0,0,0,0,0,1,0,0,0,1,0,0,0,11,10,16
10,0,0,0,1,0,0,0,0,0,0,0,0,0,1,0,0,0,1,0,0,0,5,2,3
4,0,0,0,1,0,0,0,0,1,0,0,0,1,0,0,0,1,0,0,0,0,90,60,58
7,0,0,0,1,0,0,0,0,0,1,0,0,1,1,0,0,1,0,0,0,0,5,5,9
5,0,0,0,1,0,0,0,0,1,0,0,0,1,0,0,0,1,0,0,0,0,29,17,21
8,0,0,0,1,0,0,0,0,0,0,0,0,0,1,0,0,0,0,0,0,0,13,1,2
4,0,0,0,1,0,0,0,0,1,0,0,0,0,0,0,0,1,0,0,0,0,408,226,180
6,0,0,1,0,0,0,1,0,0,0,0,0,0,0,0,0,1,0,0,0,0,38,6,8
4,0,0,0,1,0,0,0,1,0,0,0,0,0,0,0,0,1,0,0,0,0,1,1,2
4,0,0,0,1,0,0,0,0,0,0,0,0,0,1,1,0,1,0,0,0,1,93,51,68
5,1,0,0,0,0,0,0,0,0,0,0,0,0,1,0,0,0,0,0,0,1,35,22,26
5,0,0,0,1,0,0,1,0,0,0,0,0,0,0,0,0,1,0,0,0,0,48,19,35
9,0,0,0,1,0,0,0,0,0,0,0,0,0,1,0,0,0,0,1,0,0,4,4,15
5,0,0,0,1,0,0,0,0,0,1,0,0,0,0,0,0,1,0,1,0,0,1147,391,281
4,0,0,0,1,0,0,0,0,0,0,0,0,0,0,1,0,1,1,0,0,0,1384,430,310
9,0,0,0,1,0,0,0,1,0,0,0,1,0,0,0,0,1,0,0,0,0,18,9,11
6,0,0,0,1,0,0,0,0,1,0,0,0,1,1,0,0,0,1,0,0,0,88,30,37
9,0,0,0,1,0,0,0,0,0,0,0,0,0,1,0,0,1,0,0,0,0,8,3,4
10,0,0,0,1,0,0,0,0,0,0,0,0,0,1,0,0,1,0,0,0,0,19,5,9
7,0,0,0,1,0,0,1,0,0,0,0,0,0,1,0,0,1,0,0,0,1,39,13,20
8,0,0,0,1,0,0,1,0,0,0,0,0,0,1,0,0,1,0,0,0,1,14,9,11
5,0,0,0,1,0,0,0,0,0,0,0,1,1,1,0,0,1,0,0,0,1,345,59,67
9,0,0,0,1,0,0,0,0,0,0,0,1,0,0,1,0,0,0,1,0,0,25,15,25
5,0,0,0,1,0,0,0,0,0,0,0,1,1,0,1,0,0,0,0,0,0,41,19,24
5,0,0,0,1,0,0,0,0,0,0,0,0,0,0,1,0,1,0,0,0,0,85,40,58
6,0,0,0,1,0,0,0,0,0,0,0,0,0,0,1,0,1,0,0,0,0,24,18,17
5,0,0,0,1,0,0,0,0,1,0,0,0,0,0,0,0,0,0,1,0,0,20,4,7
4,0,0,0,1,0,0,0,0,0,0,0,0,0,1,0,0,0,0,1,0,0,66,47,65
4,0,0,0,1,0,0,0,0,0,1,0,1,0,1,0,0,1,0,0,0,0,39,22,34
7,0,0,0,1,0,0,0,0,0,0,0,0,0,0,1,0,1,0,0,0,0,114,59,64
8,0,0,0,1,0,0,0,0,0,0,0,0,0,0,1,0,1,0,0,0,0,31,13,16
5,0,0,0,1,0,0,0,0,0,0,0,0,0,0,1,0,0,0,1,0,0,85,40,52
4,0,0,0,1,0,0,0,0,0,0,0,1,0,0,0,0,1,0,0,0,0,54,24,24
6,0,0,0,1,0,0,0,0,0,0,0,1,0,0,0,0,1,0,0,0,0,57,38,38
6,0,0,0,1,0,0,0,0,0,0,0,0,0,0,1,0,1,0,0,0,0,26,10,12
6,0,0,0,1,0,0,0,0,0,0,0,1,0,0,0,0,1,1,0,0,0,32,15,22
5,0,0,0,1,0,0,0,0,0,0,0,1,0,0,0,0,1,1,0,0,0,16,3,6
6,0,0,0,1,0,0,0,0,0,0,0,0,0,1,0,0,0,0,0,0,1,39,22,32
5,0,0,0,1,0,0,0,0,0,1,0,0,0,0,0,0,1,0,0,0,0,96,64,73
5,0,0,0,1,0,0,0,0,0,0,0,0,0,1,0,0,1,0,0,0,0,17,12,17
4,0,0,0,1,0,0,0,0,0,0,0,1,0,0,0,0,0,0,0,0,0,208,102,85
5,1,0,0,0,0,0,0,0,0,0,0,1,0,0,0,0,1,0,0,0,0,78,30,39
3,0,0,0,1,0,0,0,0,0,0,0,0,1,1,0,0,1,0,0,0,0,66,44,51
4,1,0,0,0,0,0,0,0,0,0,0,1,0,0,0,0,1,0,0,0,0,25,20,19
6,0,0,0,1,0,0,0,0,0,0,0,0,1,0,0,0,0,1,0,0,0,7,2,4
5,0,0,0,1,0,0,0,0,1,0,0,0,0,0,0,0,1,0,0,0,0,102,34,36
5,0,0,0,1,0,0,0,0,1,0,0,0,0,0,0,0,0,0,0,0,0,595,235,191
9,0,0,0,0,0,0,0,0,0,0,0,1,0,0,0,0,1,0,0,0,0,9,6,8
4,0,0,0,1,0,0,0,0,1,0,0,1,0,0,0,0,1,0,0,0,0,31,22,30
7,0,0,0,1,0,0,0,0,1,0,0,1,0,0,0,0,1,0,0,0,0,14,14,16
8,0,0,0,1,0,0,0,0,1,0,0,1,0,0,0,0,1,0,0,0,0,21,13,10
5,0,0,0,1,0,0,0,0,1,0,0,0,0,0,0,0,1,0,0,0,0,40,35,40
6,0,0,0,1,0,0,0,0,1,0,0,0,0,0,0,0,1,0,0,0,0,13,11,14
5,0,0,0,1,0,0,1,0,0,0,0,0,1,0,0,0,1,0,0,0,1,2056,855,357
6,0,0,0,1,0,0,0,0,0,0,0,0,0,0,0,1,1,0,0,0,0,43,31,30
7,0,0,0,1,0,0,0,0,0,0,0,0,0,0,0,1,1,0,0,0,0,2,2,2
7,0,0,0,1,0,0,1,0,0,0,0,0,1,0,0,0,1,0,0,0,0,322,146,145
8,0,0,0,1,0,0,0,0,0,0,0,0,0,1,0,0,1,0,0,0,1,24,16,21
9,0,0,0,1,0,0,0,0,0,0,0,0,0,1,0,0,1,0,0,0,0,11,7,8
5,0,0,0,1,0,0,0,0,0,0,0,0,1,0,0,0,1,0,0,0,0,73,32,46
6,0,0,0,1,0,0,0,0,0,0,0,0,1,1,0,0,0,0,1,0,0,44,10,19
7,0,0,0,1,0,0,0,0,0,0,0,0,1,1,0,0,0,0,1,0,0,35,13,17
5,0,0,0,1,0,0,0,0,0,1,0,0,0,1,0,0,0,0,1,0,0,26,20,25
5,0,0,0,1,0,0,0,0,0,0,0,1,1,0,0,0,1,0,0,0,0,8,6,8
7,0,0,0,1,0,0,0,0,0,0,0,1,1,0,0,0,1,1,0,0,0,11,8,14
5,0,0,0,1,0,0,0,0,0,0,0,0,1,1,0,0,0,0,1,0,0,12,9,12
5,0,0,0,1,0,0,1,0,0,0,0,0,0,1,0,0,1,0,0,0,0,11,7,8
7,0,0,0,1,0,0,0,0,0,0,0,0,0,0,1,0,1,0,1,0,0,33,8,16
5,0,0,0,1,0,0,0,0,0,0,0,1,1,0,0,0,1,1,0,0,0,15,5,10
5,0,0,0,1,0,0,0,0,1,0,0,1,0,0,0,0,1,1,0,0,0,235,128,134
5,0,0,0,1,0,0,0,0,0,1,0,0,0,1,0,0,1,0,0,0,0,13,11,16
5,0,0,0,1,0,0,0,0,0,0,0,0,1,0,0,0,1,1,0,0,0,93,34,58
7,0,0,0,1,0,0,0,0,0,0,0,0,1,0,0,0,0,1,0,0,0,31,21,32
6,0,0,0,1,0,0,0,0,0,0,0,0,1,0,0,0,0,1,0,0,0,15,11,17
8,0,0,0,1,0,0,0,0,0,0,0,0,1,0,0,0,0,1,0,0,0,10,9,13
4,0,0,0,1,0,0,0,0,0,0,0,0,0,1,0,0,1,0,0,0,0,177,59,77
5,0,0,0,1,0,0,0,0,0,0,0,0,0,1,0,0,1,0,0,0,0,58,37,42
3,0,0,0,1,0,0,0,0,0,0,0,0,0,1,0,0,1,0,0,0,1,81,44,63
4,0,0,0,1,0,0,0,0,0,0,0,0,0,1,0,0,1,0,0,0,1,9,8,17
3,0,0,0,1,0,0,0,0,0,1,0,0,0,1,0,0,1,0,0,0,1,259,143,127
4,0,0,0,1,0,0,0,0,0,0,1,0,0,0,0,0,1,0,0,0,0,2,2,6
3,0,0,0,1,0,0,0,0,0,0,0,0,0,0,0,1,1,0,0,0,0,59,18,20
5,0,0,0,1,0,0,0,0,0,0,0,0,0,0,1,0,0,1,0,0,0,7,4,6
4,0,0,0,1,0,0,0,0,0,0,0,0,1,1,0,0,1,1,0,0,1,2651,1186,455
7,0,0,0,1,0,0,0,0,0,0,0,0,1,1,0,0,1,1,0,0,0,118,48,73
6,0,0,0,1,0,0,0,0,0,0,0,0,1,1,0,0,0,1,0,0,0,216,70,76
4,0,0,0,1,0,0,0,0,0,0,0,1,0,1,0,0,1,0,1,0,0,39,26,31
5,0,0,0,1,0,0,0,0,0,0,0,1,0,0,0,0,1,1,0,0,0,234,161,176
4,0,0,0,1,0,0,0,0,0,0,0,1,0,0,0,0,1,0,0,0,1,3006,800,357
5,0,0,0,1,0,0,0,0,0,0,0,1,0,0,0,0,1,0,0,0,0,37,22,29
9,0,0,0,1,0,0,0,0,0,0,0,1,0,0,0,0,0,1,0,0,0,8,6,11
8,0,0,0,1,0,0,0,0,0,0,0,1,0,0,0,0,0,1,0,0,0,12,9,12
4,0,0,0,1,0,0,0,0,0,0,0,1,0,0,0,0,1,0,0,0,0,422,158,136
5,0,0,0,1,0,0,1,0,0,0,0,0,0,0,0,0,1,0,0,0,1,394,186,119
6,0,0,0,1,0,0,1,0,0,0,0,0,0,0,0,0,1,0,0,0,0,81,42,52
9,0,0,0,1,0,0,0,0,0,0,0,0,0,0,0,1,1,0,0,0,0,174,115,114
10,0,0,0,1,0,0,0,0,0,0,0,0,0,0,0,1,1,0,0,0,0,48,44,41
5,0,0,0,1,0,0,0,0,0,0,0,0,0,1,0,0,1,0,0,0,1,15,9,13
4,0,0,0,1,0,0,0,1,0,0,0,0,0,0,0,0,1,0,0,0,0,9,8,12
5,0,0,0,1,0,0,0,0,1,0,0,0,1,1,0,0,0,1,1,0,0,77,53,66
6,0,0,0,1,0,0,1,0,1,0,0,0,0,0,0,0,1,0,0,0,0,10,9,11
7,0,0,0,1,0,0,1,0,1,0,0,0,0,0,0,0,1,0,0,0,0,34,24,22
2,0,0,0,1,0,0,1,0,0,0,0,0,1,0,0,0,1,0,0,0,0,245,81,107
3,0,0,0,1,0,0,1,0,0,0,0,0,1,0,0,0,1,0,0,0,0,56,39,39
6,0,0,0,1,0,0,1,0,0,0,0,0,0,0,0,0,1,0,0,0,0,229,73,53
6,0,0,0,1,0,0,1,0,0,0,0,0,0,0,0,0,1,0,0,0,0,23,6,8
5,0,0,0,1,0,0,0,0,0,0,0,0,0,1,0,0,0,0,0,0,1,52,8,12
4,0,0,0,1,0,0,0,0,0,0,0,0,0,1,0,0,0,0,0,0,1,229,58,55
4,0,0,0,1,0,0,0,0,0,0,0,0,0,1,0,0,1,0,1,0,1,39,25,33
4,0,0,0,1,0,0,0,0,0,0,0,1,0,0,0,0,1,0,1,0,1,225,81,82
5,0,0,0,1,0,0,0,0,0,0,0,1,0,0,0,0,1,0,0,0,0,41,27,37
4,0,0,0,1,0,0,0,0,1,0,0,0,0,0,0,1,1,0,0,0,0,381,185,132
3,0,0,0,1,0,0,0,0,0,0,0,0,1,0,0,0,1,0,0,0,0,20,9,12
5,0,0,0,1,0,0,0,0,0,0,0,0,1,0,0,0,1,0,0,0,1,258,154,139
2,0,0,0,1,0,0,0,0,0,0,0,0,0,1,0,0,0,0,0,0,1,1129,368,298
4,0,0,0,1,0,0,0,0,0,0,0,0,0,1,0,0,1,0,0,0,0,15,15,22
7,1,0,0,0,0,0,0,0,1,0,0,0,0,0,0,0,1,0,0,0,0,5,3,3
8,1,0,0,0,0,0,0,0,1,0,0,0,0,0,0,0,1,0,0,0,0,29,27,52
9,1,0,0,0,0,0,0,0,1,0,0,0,0,0,0,0,1,0,0,0,0,20,14,21
6,1,0,0,0,0,0,0,0,0,0,0,1,0,0,0,0,1,0,0,0,0,2,2,8
5,1,0,0,0,0,0,0,0,0,0,0,0,0,1,0,0,0,0,0,1,0,7,3,4
5,1,0,0,0,0,0,0,0,0,0,0,0,0,1,0,0,0,0,0,1,0,19,2,4
6,0,0,0,1,0,0,1,0,0,0,0,0,0,1,0,0,0,0,1,0,0,19,5,8
4,1,0,0,0,0,0,0,0,0,0,1,0,0,0,0,0,1,0,0,0,0,216,172,190
6,1,0,0,0,0,0,0,0,0,1,0,0,0,0,0,0,1,0,0,0,0,22,14,18
6,1,0,0,0,0,0,0,0,0,0,0,1,0,0,1,0,1,0,0,0,0,27,25,28
7,1,0,0,0,0,0,0,0,0,0,0,1,0,0,1,0,1,0,0,0,0,38,33,43
4,1,0,0,0,0,0,0,0,0,0,0,1,0,0,0,0,1,0,0,0,0,26,23,33
5,1,0,0,0,0,0,0,0,0,0,0,1,0,0,0,0,1,0,0,0,0,36,26,29
6,1,0,0,0,0,0,0,0,0,0,0,0,0,0,1,0,1,0,0,0,0,12,3,4
4,1,0,0,0,0,0,0,1,0,0,0,0,0,0,0,0,1,0,0,0,0,26,11,15
6,1,0,0,0,0,0,0,0,0,0,0,0,0,0,1,0,1,0,1,0,0,5,4,3
5,0,0,0,1,0,0,0,0,0,0,0,0,0,1,0,0,1,0,0,0,1,87,62,75
6,1,0,0,0,0,0,0,0,0,0,0,0,0,1,0,0,0,0,0,1,0,3,2,2
6,1,0,0,0,0,0,0,0,0,1,0,0,0,0,0,0,1,0,0,0,0,72,48,61
5,1,0,0,0,0,0,0,0,0,1,0,0,0,0,0,0,1,0,0,0,0,19,10,12
6,1,0,0,0,0,0,0,0,0,0,1,0,0,0,0,0,1,0,0,0,0,1,1,1
4,1,0,0,0,0,0,0,0,0,0,0,0,0,0,1,0,0,0,1,0,0,61,24,30
4,1,0,0,0,0,0,0,0,0,0,1,0,0,0,0,0,1,0,0,0,0,12,4,5
5,1,0,0,0,0,0,0,0,0,0,1,0,0,0,0,0,1,0,0,0,0,7,5,3
5,1,0,0,0,0,0,0,0,0,0,0,0,0,0,1,0,1,0,0,0,0,4,4,7
6,1,0,0,0,0,0,0,0,0,0,0,0,0,0,1,0,1,0,0,0,0,14,3,4
6,1,0,0,0,0,0,0,0,0,1,0,0,0,0,0,0,1,0,0,0,0,1,1,1
6,0,0,0,1,0,0,0,0,0,0,0,1,0,0,0,0,1,0,0,0,0,31,28,26
7,0,0,0,1,0,0,0,0,0,0,0,1,0,0,0,0,1,0,0,0,0,125,68,66
7,1,0,0,0,0,0,0,0,0,0,0,0,0,1,0,0,0,0,1,0,0,1,1,2
8,1,0,0,0,0,0,1,0,0,0,0,0,0,0,0,0,1,0,0,0,0,69,35,28
9,1,0,0,0,0,0,1,0,0,0,0,0,0,0,1,0,0,1,1,0,0,17,12,24
8,1,0,0,0,0,0,0,0,0,0,0,1,0,0,0,0,1,0,0,0,0,39,36,41
5,1,0,0,0,0,0,0,0,0,0,1,0,0,0,0,0,1,0,0,0,0,10,9,13
5,1,0,0,0,0,0,0,0,0,0,0,0,0,0,1,0,1,0,0,0,0,2,2,1
9,1,0,0,0,0,0,0,0,0,0,0,0,0,1,0,0,0,0,0,0,1,1,1,1
5,1,0,0,0,0,0,0,0,0,0,0,1,0,0,0,0,1,0,0,0,0,11,7,5
4,1,0,0,0,0,0,0,0,0,0,0,1,0,0,0,0,1,0,0,0,0,17,14,19
6,1,0,0,0,0,0,0,0,1,0,0,0,0,1,0,0,0,1,0,0,0,192,138,125
5,1,0,0,0,0,0,0,0,0,0,0,0,0,1,0,0,1,0,0,0,0,170,109,129
9,1,0,0,0,0,0,0,0,0,0,0,0,0,1,0,0,0,0,0,0,1,8,7,9
6,1,0,0,0,0,0,0,0,0,0,0,0,0,1,0,0,0,0,0,0,1,307,173,133
9,1,0,0,0,0,0,0,0,0,0,0,0,0,1,0,0,0,0,0,0,1,11,7,7
10,1,0,0,0,0,0,0,0,0,0,0,0,0,1,0,0,0,0,0,0,1,0,0,0
9,1,0,0,0,0,0,0,0,0,0,0,0,0,1,0,0,0,0,0,0,1,20,6,8
10,1,0,0,0,0,0,0,0,0,0,0,0,0,1,0,0,0,0,0,0,1,0,0,0
10,1,0,0,0,0,0,0,0,0,0,0,0,0,1,0,0,0,0,0,0,1,0,0,0
10,1,0,0,0,0,0,0,0,0,0,0,0,0,1,0,0,0,0,0,0,1,54,42,43
9,1,0,0,0,0,0,0,0,0,0,0,0,0,1,0,0,0,0,0,0,1,10,10,12
5,1,0,0,0,0,0,0,0,0,0,0,0,0,0,1,0,0,0,1,0,0,62,53,85
5,1,0,0,0,0,0,0,0,0,0,0,1,0,1,0,0,1,0,0,0,0,69,39,48
6,1,0,0,0,0,0,0,0,0,0,0,0,0,1,0,0,1,0,0,0,1,108,25,31
6,1,0,0,0,0,0,0,0,0,0,0,0,0,1,0,0,1,0,0,0,1,40,17,30
5,1,0,0,0,0,0,0,0,0,0,0,0,0,1,0,0,0,0,0,0,1,139,106,110
7,1,0,0,0,0,0,0,0,0,0,0,1,0,0,0,0,0,1,0,0,1,143,87,88
7,1,0,0,0,0,0,0,0,0,0,0,1,0,0,0,0,0,1,0,0,1,178,101,89
6,1,0,0,0,0,0,0,0,0,0,0,1,0,0,0,0,0,1,0,0,1,33,18,22
5,1,0,0,0,0,0,0,0,0,0,0,1,0,0,0,0,1,0,0,0,0,4,3,2
9,0,0,0,1,0,0,0,0,0,0,0,0,0,1,0,0,1,0,1,0,1,7,6,3
6,0,0,0,1,0,0,0,0,0,1,0,0,0,1,0,0,1,1,0,0,0,33,11,18
7,0,0,0,1,0,0,0,1,0,1,0,0,0,1,0,0,1,1,0,0,0,30,16,21
8,0,0,0,1,0,0,0,1,0,1,0,0,0,1,0,0,1,0,0,0,0,5,5,6
5,0,0,0,1,0,0,0,0,0,0,0,0,0,0,1,0,1,1,1,0,1,68,32,40
4,0,0,0,1,0,0,0,0,1,0,0,0,0,0,0,0,1,0,0,0,0,311,157,151
9,0,0,0,1,0,0,0,0,1,0,0,0,0,0,0,0,1,0,0,0,0,68,41,65
8,0,0,0,1,0,0,0,0,1,0,0,0,0,0,0,0,1,1,0,0,0,39,30,29
2,0,0,0,1,0,0,0,0,0,0,0,1,0,0,0,0,1,0,0,0,0,363,145,132
8,0,0,0,1,0,0,0,0,0,0,0,1,0,0,0,0,1,0,0,0,0,135,73,82
9,0,0,0,1,0,0,0,0,0,0,0,1,0,0,0,0,1,0,0,0,0,72,48,51
7,0,0,0,1,0,0,0,0,0,0,0,1,0,0,0,0,1,0,0,0,0,254,73,91
4,0,0,0,1,0,0,0,0,1,0,0,0,0,0,0,0,1,0,0,0,0,261,138,114
3,0,0,0,1,0,0,0,0,0,0,0,0,0,0,0,1,1,1,0,0,0,2305,1234,493
4,0,0,0,1,0,0,0,0,0,0,0,0,0,0,0,1,1,0,0,0,0,77,39,44
5,0,0,0,1,0,0,0,0,0,0,0,0,0,1,0,1,0,0,1,0,0,46,28,29
6,0,0,0,1,0,0,0,0,0,0,0,0,0,1,0,1,1,0,0,0,0,74,38,41
3,0,0,0,1,0,0,0,0,0,0,0,1,1,1,0,1,1,1,0,0,0,78,51,68
11,0,0,0,1,0,0,0,0,0,0,0,0,0,0,0,1,1,0,1,0,0,47,39,42
7,0,0,0,1,0,0,0,0,0,0,0,0,0,0,0,1,1,0,0,0,0,95,54,42
4,0,0,0,1,0,0,0,0,1,0,0,0,0,0,1,0,1,0,0,0,0,108,60,64
4,0,0,0,1,0,0,0,0,0,0,0,0,0,0,0,1,1,0,0,0,0,402,264,209
5,0,0,0,1,0,0,0,0,0,0,0,0,0,0,0,1,1,0,0,0,0,119,107,117
5,0,0,0,1,0,0,0,0,0,0,0,0,0,0,0,1,1,0,0,0,0,37,35,29
4,0,0,0,1,0,0,0,0,0,0,0,0,0,1,0,0,1,0,0,0,0,171,85,120
5,0,0,1,0,0,0,0,0,0,0,0,0,0,0,0,1,1,0,0,0,0,27,18,24
4,0,0,0,1,0,0,0,0,0,0,0,0,0,0,0,1,1,0,0,0,0,1066,607,339
7,0,0,0,1,0,0,0,0,1,0,0,0,0,0,0,0,1,0,0,0,0,9,3,7
7,0,0,0,1,0,0,1,0,0,0,0,0,0,0,0,0,1,0,0,0,0,22,14,12
4,0,0,0,1,0,0,0,0,0,0,0,0,0,0,1,0,1,0,0,0,0,120,46,49
5,0,0,0,1,0,0,0,0,0,0,0,0,1,0,0,0,1,0,0,0,0,77,43,42
5,0,0,0,1,0,0,0,0,0,0,0,0,0,0,0,1,0,0,0,0,0,63,13,16
7,0,0,0,1,0,0,0,0,0,0,0,0,0,1,0,0,1,0,0,0,0,111,41,62
7,0,0,0,1,0,0,0,0,0,0,0,0,0,1,0,0,1,0,0,0,0,41,20,36
6,0,0,0,1,0,0,1,0,0,0,0,0,0,0,0,0,1,0,0,0,0,17,7,8
5,0,0,0,1,0,0,0,0,0,0,1,0,0,0,0,0,1,0,0,0,0,37,26,34
5,0,0,0,1,0,0,0,0,0,0,0,0,0,0,1,0,1,0,0,0,0,184,81,83
4,0,0,0,1,0,0,0,0,0,0,0,0,0,0,1,0,1,0,0,0,0,397,183,152
5,0,0,0,1,0,0,0,0,0,0,0,0,0,0,1,0,1,0,0,0,0,17,7,27
9,0,0,0,1,0,0,0,0,0,0,0,0,0,1,0,0,0,0,0,0,1,46,9,14
7,0,0,0,1,0,0,0,0,0,0,0,0,0,0,1,0,1,0,0,0,0,24,13,17
11,0,0,0,1,0,0,0,0,0,0,1,0,0,0,0,0,1,0,0,0,0,55,43,45
12,0,0,0,1,0,0,0,0,0,0,1,0,0,0,0,0,1,0,0,0,0,17,9,12
6,0,0,0,1,0,0,0,0,0,0,0,1,0,0,0,0,1,0,0,0,0,7,6,12
7,0,0,0,1,0,0,0,0,0,0,0,0,0,0,1,0,1,0,0,0,0,16,7,9
6,0,0,0,1,0,0,0,1,0,0,0,0,0,0,0,0,1,0,0,0,0,149,115,134
7,0,0,0,1,0,0,0,1,0,0,0,0,0,0,0,0,1,0,0,0,0,22,16,23
5,0,0,0,1,0,0,0,0,0,0,0,0,0,1,0,0,0,0,0,0,1,72,33,43
9,0,0,0,1,0,0,0,0,1,0,0,0,0,0,0,0,1,0,0,0,0,3,3,3
6,0,0,0,1,0,0,1,0,0,0,0,1,0,1,0,0,1,0,0,0,0,22,20,33
5,0,0,0,1,0,0,1,0,0,0,0,1,0,1,0,0,1,0,0,0,0,69,34,33
5,0,0,0,1,0,0,0,0,1,0,0,0,0,0,0,0,1,0,0,0,0,75,36,49
5,0,0,0,1,0,0,0,0,1,0,0,0,0,0,0,0,1,0,0,0,0,3,2,3
4,0,0,0,1,0,0,0,0,1,0,0,0,0,0,0,0,1,0,0,0,0,127,86,107
6,0,0,0,1,0,0,0,0,0,0,0,0,0,0,1,0,1,0,0,0,0,2,2,3
8,0,0,0,1,0,0,1,0,0,0,0,0,0,1,0,0,1,0,0,0,0,11,11,23
9,0,0,0,1,0,0,1,0,0,0,0,0,0,1,0,0,1,0,0,0,0,20,14,13
6,0,0,0,1,0,0,0,0,0,0,0,0,0,0,1,0,1,0,0,0,0,3,3,3
9,0,0,0,1,0,0,1,0,0,0,0,0,0,0,0,0,1,0,0,0,0,15,9,12
5,0,0,0,1,0,0,0,0,0,1,0,0,0,0,0,0,1,0,0,0,0,2,2,2
6,0,0,0,1,0,0,0,0,0,0,1,0,0,0,0,0,1,0,0,0,0,2,2,2
10,0,0,0,1,0,0,0,0,0,1,0,0,0,0,0,0,1,0,0,0,0,3,2,3
10,0,0,0,1,0,0,0,0,0,0,0,0,0,0,1,0,0,0,1,0,0,11,2,4
11,0,0,0,1,0,0,0,0,0,0,0,1,0,0,1,0,1,0,1,0,0,18,10,10
8,0,0,0,1,0,0,0,0,0,0,0,0,0,0,1,0,1,0,0,0,0,2,2,5
7,0,0,0,1,0,0,0,0,1,0,0,0,0,0,0,0,1,0,0,0,0,43,29,34
8,0,0,0,1,0,0,0,0,1,0,0,0,0,0,0,0,1,0,0,0,0,141,80,87
9,0,0,0,1,0,0,0,0,1,0,0,0,0,0,0,0,1,0,0,0,0,21,14,22
6,0,0,0,1,0,0,0,0,1,0,0,0,0,0,0,0,1,0,0,0,0,23,18,23
8,0,0,0,1,0,0,0,0,0,1,0,0,0,0,0,0,1,0,0,0,0,17,16,20
4,0,0,0,1,0,0,0,0,0,0,0,0,0,1,0,0,1,0,0,0,0,52,20,34
6,0,0,0,1,0,0,0,0,0,1,0,0,0,0,0,0,1,0,0,0,0,175,119,130
6,1,0,0,0,0,0,0,0,1,0,0,0,0,0,0,0,1,0,0,0,0,78,61,65
6,1,0,0,0,0,0,0,0,0,1,0,0,0,0,0,0,1,0,0,0,0,11,10,10
8,0,0,0,1,0,0,0,0,1,0,0,0,0,0,0,0,1,0,1,0,0,38,27,41
6,0,0,0,1,0,0,0,0,1,0,0,0,0,0,0,0,1,0,0,0,0,71,44,59
9,0,0,0,1,0,0,0,0,1,0,0,0,0,0,0,0,1,0,0,0,0,135,65,63
10,0,0,0,1,0,0,0,0,1,0,0,0,0,0,0,0,1,0,0,0,0,33,28,36
10,0,0,0,1,0,0,0,0,1,0,0,0,0,0,0,0,1,0,0,0,0,12,5,6
4,0,0,0,1,0,0,0,0,1,0,0,0,0,0,0,0,1,0,0,0,0,305,156,140
7,0,0,0,1,0,0,0,0,1,0,0,0,0,0,0,0,1,0,0,0,0,20,14,24
7,0,0,0,1,0,0,0,0,1,0,0,0,0,0,0,0,1,0,0,0,0,166,129,144
4,0,0,0,1,0,0,0,0,1,0,0,0,0,0,0,0,1,0,0,0,0,378,173,188
12,0,0,0,1,0,0,1,0,0,0,0,0,0,0,0,0,1,0,0,0,0,5,5,9
7,0,0,0,1,0,0,0,0,0,0,0,1,0,0,0,0,1,0,0,0,0,11,7,7
6,0,0,0,1,0,0,1,0,0,0,0,0,0,0,0,0,1,0,0,0,0,2,2,2
4,1,0,0,0,0,0,0,0,0,0,0,0,0,0,0,1,1,0,0,0,0,21,17,24
6,1,0,0,0,0,0,0,0,0,0,0,0,0,0,0,1,0,1,0,0,0,48,24,40
5,0,0,0,1,0,0,1,0,0,0,0,0,0,1,0,0,1,0,0,0,0,27,15,19
6,0,0,0,1,0,0,1,0,0,0,0,0,0,1,0,0,1,0,0,0,0,62,35,59
7,0,0,0,1,0,0,1,0,0,0,0,1,0,0,0,0,1,0,0,0,0,5,3,3
8,0,0,0,1,0,0,1,0,0,0,0,1,0,0,0,0,1,0,0,0,0,5,1,1
4,0,0,0,1,0,0,0,0,1,0,0,0,0,1,0,0,1,0,1,0,0,461,199,167
4,0,0,0,1,0,0,0,0,1,0,0,0,0,1,0,0,1,0,0,0,0,1532,884,434
9,0,0,0,1,0,0,0,0,0,0,0,0,0,1,0,0,1,0,0,0,0,14,4,4
4,0,0,0,1,0,0,0,0,1,0,0,1,1,0,0,0,1,1,0,0,0,71,26,45
5,0,0,0,1,0,0,0,0,0,1,0,0,0,0,0,0,0,0,1,0,0,35,32,33
11,0,0,0,1,0,0,0,0,0,0,0,0,1,0,0,0,0,1,0,0,0,14,13,20
10,0,0,0,1,0,0,0,0,0,0,0,0,0,0,1,0,0,0,1,0,0,1,1,1
8,0,0,0,1,0,0,0,0,0,0,0,0,0,0,1,0,1,0,0,0,0,6,6,11
8,0,0,0,1,0,0,0,0,0,0,0,0,0,0,1,0,1,0,0,0,0,1,1,1
6,0,0,0,1,0,0,0,0,0,0,0,0,0,0,1,0,1,0,0,0,0,61,34,61
6,0,0,0,1,0,0,1,0,0,0,0,0,0,0,0,0,1,0,0,0,0,20,19,41
6,0,0,0,1,0,0,1,0,0,0,0,0,0,0,0,0,1,0,0,0,0,42,4,4
4,0,0,0,1,0,0,1,0,0,0,0,0,0,0,1,0,1,0,0,0,0,11,8,8
5,0,0,0,1,0,0,1,0,0,0,0,0,0,0,1,0,1,0,0,0,0,20,10,7
4,0,0,0,1,0,0,0,0,0,0,0,0,0,1,0,0,0,0,1,0,0,196,42,61
4,0,0,0,1,0,0,0,0,0,0,0,0,0,1,0,0,0,0,1,0,0,155,77,82
11,1,0,0,0,0,0,0,0,0,0,0,0,0,0,1,0,1,0,0,0,0,28,12,16
12,1,0,0,0,0,0,0,0,0,0,0,0,0,1,0,0,0,0,0,0,1,2,2,3
6,0,0,0,1,0,0,0,0,1,0,0,0,0,0,0,0,1,0,0,0,0,12,6,8
7,0,0,0,1,0,0,0,0,0,1,0,0,0,0,0,0,1,0,0,0,0,36,25,52
8,0,0,0,1,0,0,0,0,1,0,0,0,0,0,0,0,1,0,0,0,0,1,1,6
6,0,0,0,1,0,0,1,0,0,0,0,0,0,0,0,0,1,0,0,0,0,3,3,6
5,0,0,0,1,0,0,1,0,0,0,0,0,0,0,0,0,1,0,0,0,0,5,5,8
5,0,0,0,1,0,0,0,0,0,0,0,0,0,1,0,0,0,0,0,0,1,59,16,26
5,0,0,0,1,0,0,0,0,0,0,0,0,0,1,0,0,0,0,0,0,1,12,1,1
5,0,0,0,1,0,0,0,0,0,0,0,0,0,1,0,0,0,0,1,0,0,25,16,15
5,0,0,0,1,0,0,0,0,0,0,0,0,0,1,0,0,0,0,1,0,0,37,12,12
5,0,0,0,1,0,0,0,0,0,0,0,0,0,1,0,0,0,0,1,0,0,324,85,86
5,0,0,0,1,0,0,0,0,0,0,0,0,0,1,0,0,1,0,0,0,0,99,53,63
5,0,0,0,1,0,0,0,0,0,0,0,0,0,1,0,0,1,0,0,0,0,73,27,35
6,0,0,0,1,0,0,0,0,0,0,0,0,0,1,0,0,1,0,0,0,0,14,12,22
6,0,0,0,1,0,0,0,0,0,0,0,0,0,1,0,0,1,0,0,0,0,25,23,48
8,0,0,0,1,0,0,0,0,0,0,0,1,0,0,0,0,1,0,0,0,0,65,37,57
7,0,0,0,1,0,0,0,0,0,1,0,0,0,0,0,1,1,0,0,0,0,273,163,177
8,0,0,0,1,0,0,0,0,0,1,0,0,0,0,0,1,1,0,0,0,0,63,45,90
5,0,0,0,1,0,0,0,0,0,1,0,0,0,0,0,0,1,0,0,0,0,6,6,8
5,0,0,0,1,0,0,0,0,0,0,0,0,0,1,0,0,1,0,0,0,0,174,47,67
3,0,0,0,1,0,0,0,0,0,0,0,0,0,1,0,0,1,0,0,0,0,706,303,160
8,0,0,0,1,0,0,0,0,0,0,0,1,0,0,0,0,1,0,0,0,0,57,44,49
5,0,0,0,1,0,0,1,0,0,0,0,0,0,0,0,0,1,0,0,0,0,6,6,12
6,0,0,0,1,0,0,0,0,0,1,0,0,0,0,0,0,1,0,0,0,0,62,31,43
7,0,0,0,1,0,0,0,0,0,1,0,0,0,0,0,0,1,0,0,0,0,84,33,40
7,0,0,0,1,0,0,0,0,0,0,0,0,0,0,1,0,1,0,0,0,0,3,3,3
6,0,0,0,1,0,0,0,0,0,0,0,0,0,0,1,0,1,0,1,0,0,71,53,59
4,0,0,0,1,0,0,0,0,1,0,0,0,0,0,0,0,1,0,0,0,0,7,7,7
5,0,0,0,1,0,0,0,0,0,0,0,0,0,0,1,0,0,1,0,0,0,33,32,40
6,0,0,0,1,0,0,0,0,1,0,0,0,0,0,0,0,1,0,0,0,0,1,1,2
7,0,0,0,1,0,0,0,0,0,0,0,1,0,0,0,0,1,0,0,0,0,16,13,19
8,0,0,0,1,0,0,0,0,0,0,0,1,0,0,0,0,1,0,0,0,0,11,11,14
7,0,0,0,1,0,0,1,0,0,0,0,0,0,0,0,0,1,0,0,0,0,4,4,5
5,0,0,0,1,0,0,1,0,0,0,0,0,0,0,0,0,1,0,1,0,0,103,60,55
6,0,0,0,1,0,0,1,0,0,0,0,0,0,0,0,0,1,0,1,0,0,79,59,50
5,0,0,0,1,0,0,1,0,0,0,0,0,0,1,0,0,1,0,0,0,0,2010,832,331
8,0,0,0,1,0,0,0,0,0,0,0,0,0,0,1,0,1,0,0,0,0,35,23,30
8,0,0,0,1,0,0,0,0,1,0,0,0,0,0,0,0,1,0,0,0,0,6,6,11
6,0,0,0,1,0,0,0,0,1,0,0,1,0,1,0,0,1,0,0,0,0,260,159,149
7,0,0,0,1,0,0,0,0,1,0,0,1,0,1,0,0,1,0,0,0,0,38,30,40
6,0,0,0,1,0,0,0,0,0,1,0,0,0,0,0,0,1,0,0,0,0,52,26,25
7,0,0,0,1,0,0,0,0,0,1,0,0,0,0,0,0,1,0,0,0,0,10,9,11
7,0,0,0,1,0,0,0,0,0,1,0,0,0,0,0,0,1,0,0,0,0,147,100,94
8,0,0,0,1,0,0,0,0,0,1,0,0,0,0,0,0,1,0,0,0,0,30,29,41
4,0,0,0,1,0,0,1,0,0,0,0,0,1,0,0,0,1,0,0,0,0,102,60,90
5,0,0,0,1,0,0,1,0,0,0,0,0,1,0,0,0,1,0,0,0,0,22,16,23
4,0,0,0,1,0,0,0,0,0,0,0,0,0,0,1,0,1,0,0,0,0,114,74,108
5,0,0,0,1,0,0,1,0,0,0,0,0,0,0,0,0,1,0,0,0,0,1,1,1
7,0,0,0,1,0,0,0,0,0,1,0,0,0,0,0,0,1,0,0,0,0,8,8,17
8,0,0,0,1,0,0,0,0,0,1,0,0,0,0,0,0,1,0,0,0,0,13,10,18
5,0,0,0,1,0,0,0,0,0,0,0,0,0,0,1,0,1,0,0,0,0,12,9,12
5,0,0,0,1,0,0,0,0,1,0,0,0,0,0,0,1,1,0,0,0,0,21,8,12
5,0,0,0,1,0,0,0,0,0,0,0,0,0,0,1,1,1,1,0,0,0,46,17,24
6,0,0,0,1,0,0,0,0,0,0,1,0,0,0,0,0,1,0,0,0,0,35,25,26
6,0,0,0,1,0,0,0,0,0,0,0,0,0,0,1,0,1,0,0,0,0,35,25,50
5,0,0,0,1,0,0,0,0,1,0,0,0,0,0,0,0,1,0,1,0,0,105,73,84
5,0,0,0,1,0,0,0,0,0,0,0,0,1,0,0,0,1,0,0,0,0,7,7,6
5,0,0,0,0,0,0,0,0,0,0,0,0,0,0,0,1,1,0,0,0,0,21,12,18
7,0,0,0,1,0,0,0,0,1,0,0,0,0,0,0,0,1,0,0,0,0,38,27,36
8,0,0,0,1,0,0,1,0,0,0,0,0,0,0,0,0,1,0,0,0,0,2,1,2
7,0,0,0,1,0,0,0,0,1,0,0,0,0,1,0,0,1,0,0,0,0,24,15,18
7,0,0,0,1,0,0,0,0,1,0,0,0,0,1,0,0,1,0,0,0,0,29,4,6
3,0,0,0,1,0,0,0,0,1,0,0,0,0,0,0,0,1,0,0,0,0,1,1,1
3,0,0,0,1,0,0,0,0,0,0,0,0,1,1,1,0,0,0,1,0,0,687,294,214
4,0,0,0,1,0,0,0,0,0,0,0,0,0,0,1,0,0,0,1,0,0,100,51,65
4,0,0,0,1,0,0,0,0,0,0,0,0,0,1,1,0,0,1,1,0,0,14,5,4
4,0,0,0,1,0,0,1,0,0,0,0,0,0,1,0,0,1,0,0,0,0,225,81,86
4,0,0,1,0,0,0,1,0,0,0,0,0,0,1,0,0,1,0,0,0,0,86,20,23
3,0,0,0,1,0,0,1,0,0,0,0,0,0,1,0,0,1,0,0,0,0,1018,387,270
4,0,0,0,1,0,0,1,0,0,0,0,0,0,1,0,0,1,0,0,0,0,115,54,83
4,0,0,0,1,0,0,1,0,0,0,0,0,0,1,0,0,1,0,0,0,0,44,11,9
5,0,0,0,1,0,0,1,0,0,0,0,0,0,1,0,0,1,0,0,0,0,29,14,17
6,0,0,0,1,0,0,0,0,0,0,0,0,0,1,0,0,1,0,0,0,0,31,15,19
7,0,0,0,1,0,0,0,0,0,0,0,0,0,1,0,0,1,0,0,0,0,32,18,21
5,0,0,0,1,0,0,0,0,0,0,0,0,1,0,0,0,1,0,0,0,0,29,26,25
5,1,0,0,0,0,0,0,0,1,0,0,0,0,1,0,0,0,1,0,0,0,404,262,217
4,0,0,0,1,0,0,0,0,0,0,0,0,0,1,0,0,1,0,0,0,0,1,1,2
6,0,0,0,1,0,0,0,0,1,0,0,0,0,0,0,0,1,0,0,0,0,26,19,18
5,0,0,0,1,0,0,0,0,1,0,0,0,0,0,0,0,1,0,0,0,0,613,361,231
4,0,0,0,1,0,0,0,0,0,0,0,0,0,0,1,0,1,0,0,1,0,164,90,110
4,0,0,0,1,0,0,0,0,0,1,0,0,0,0,0,0,1,0,0,0,0,12,7,14
5,0,0,0,1,0,0,0,0,0,0,1,0,0,0,0,0,1,0,0,0,0,34,26,28
6,0,0,0,1,0,0,0,0,0,0,1,0,0,0,0,0,1,0,0,0,0,46,26,34
5,0,0,0,1,0,0,0,0,0,0,0,0,0,0,1,0,1,0,0,0,0,113,71,89
7,0,0,0,1,0,0,0,0,0,0,0,0,0,0,1,0,1,0,0,0,0,62,45,47
4,0,0,0,1,0,0,0,0,0,0,0,0,0,1,0,0,1,0,0,0,1,293,120,125
5,0,0,0,1,0,0,0,0,0,0,0,0,0,0,0,1,1,1,0,0,0,24,9,9
5,0,0,0,1,0,0,0,0,0,0,0,0,0,0,1,0,1,0,0,0,0,60,43,57
5,0,0,0,1,0,0,0,0,1,0,0,0,0,0,0,0,1,0,0,0,0,7,6,7
5,0,0,0,1,0,0,0,1,0,0,0,0,0,1,0,0,1,0,0,0,0,20,20,23
6,0,0,0,1,0,0,0,1,0,0,0,0,0,1,0,0,1,0,0,0,0,35,23,27
4,0,0,0,1,0,0,0,0,0,0,0,0,0,1,0,0,0,0,1,0,0,449,279,253
5,0,0,0,1,0,0,0,0,0,0,0,0,0,0,0,1,1,0,0,0,0,108,45,77
5,0,0,0,1,0,0,0,0,0,0,0,0,0,0,1,0,1,0,0,0,0,141,48,61
7,0,0,0,1,0,0,0,0,0,0,0,0,0,0,1,0,1,0,0,0,0,36,31,45
6,0,0,0,1,0,0,1,0,0,0,0,0,0,1,0,0,1,0,0,0,0,49,19,44
6,0,0,0,1,0,0,0,0,0,1,0,0,0,0,0,0,1,0,0,0,0,14,9,11
6,0,0,0,1,0,0,0,0,0,0,0,1,0,0,0,0,1,0,0,0,0,206,75,88
6,0,0,0,1,0,0,0,0,0,0,1,0,0,0,0,0,1,0,0,0,0,0,0,0
5,0,0,0,1,0,0,0,0,0,0,0,1,1,0,1,0,1,0,0,0,0,73,44,47
5,1,0,0,0,0,0,0,0,0,0,0,0,0,0,1,0,0,1,0,0,0,3,3,5
4,0,0,0,1,0,0,0,0,0,0,0,0,0,1,0,0,0,0,0,0,1,10362,1732,563
7,0,0,0,1,0,0,0,0,0,0,0,0,0,0,1,0,0,0,0,1,0,70,14,20
5,0,0,0,1,0,0,0,0,0,0,0,0,0,0,1,0,1,0,0,0,0,12,11,7
4,0,0,0,1,0,0,0,0,0,0,0,0,0,0,1,0,1,0,0,0,0,729,429,259
6,0,0,0,1,0,0,0,0,0,1,0,0,0,0,0,0,1,0,0,0,0,24,22,27
10,0,0,0,1,0,0,0,1,0,0,0,1,0,0,0,0,1,0,0,0,0,6,5,6
11,0,0,0,1,0,0,0,1,0,0,0,1,0,0,0,0,1,0,0,0,0,12,5,8
10,0,0,0,1,0,0,0,0,0,0,0,0,0,1,0,0,1,0,0,0,1,43,22,19
4,0,0,0,1,0,0,0,0,1,0,0,0,0,0,0,0,1,0,0,0,0,331,230,174
6,0,0,0,1,0,0,0,0,0,0,0,0,0,0,0,1,1,0,0,0,0,283,215,162
7,0,0,0,1,0,0,0,0,0,0,0,0,0,0,0,1,1,0,0,0,0,267,211,173
8,0,0,0,1,0,0,0,0,0,0,0,0,0,0,0,1,1,0,0,0,0,438,324,277
3,0,0,0,1,0,0,0,0,0,0,0,0,0,1,0,0,0,0,0,0,1,6429,1337,497
4,1,0,0,0,0,0,1,0,0,0,0,0,0,1,0,0,1,0,0,0,0,165,98,82
5,1,0,0,0,0,0,1,0,0,0,0,0,0,1,0,0,1,0,0,0,0,26,19,24
3,1,0,0,0,0,0,1,0,0,0,0,0,0,1,0,0,1,0,0,0,0,275,150,117
7,0,0,0,1,0,0,0,0,0,0,0,0,0,0,0,1,1,0,0,0,0,173,98,78
5,0,0,0,1,0,0,0,0,1,0,0,0,0,1,0,0,1,0,0,0,0,167,76,83
4,0,0,0,1,0,0,0,0,1,0,0,0,0,1,0,1,1,1,0,0,0,84,27,27
6,0,0,0,1,0,0,0,0,1,0,0,0,0,1,0,1,0,1,0,0,0,17,7,9
7,0,0,0,1,0,0,0,0,1,0,0,0,0,1,0,1,0,1,0,0,0,46,12,14
6,0,0,0,1,0,0,0,0,1,0,0,0,0,0,0,0,1,0,0,0,0,53,27,36
7,0,0,0,1,0,0,0,0,1,0,0,0,0,0,0,0,1,0,0,0,0,20,17,20
2,0,0,0,1,0,0,0,0,0,0,0,0,0,0,1,0,1,0,1,0,0,270,158,147
5,0,0,0,1,0,0,0,0,0,0,0,0,0,0,1,0,1,0,0,0,0,796,281,193
6,0,0,0,1,0,0,0,0,0,0,0,0,0,0,1,0,1,0,0,0,0,20,4,4
3,0,0,0,1,0,0,0,0,0,1,0,0,0,0,0,0,1,0,0,0,0,156,59,65
5,0,0,0,1,0,0,0,0,0,0,0,1,0,0,0,0,1,1,0,0,0,52,32,44
7,0,0,0,1,0,0,1,0,0,0,0,0,0,0,0,0,1,0,0,0,0,11,6,9
4,0,0,0,1,0,0,0,0,0,0,0,0,0,1,0,1,1,0,1,0,0,21,15,19
4,0,0,0,1,0,0,0,0,1,0,0,0,0,0,1,0,0,0,1,0,0,277,121,123
5,0,0,0,1,0,0,0,0,1,0,0,0,0,0,1,0,1,0,1,0,0,158,74,77
4,1,0,0,0,0,0,0,0,0,0,0,1,0,0,0,0,1,0,0,0,0,464,285,198
6,1,0,0,0,0,0,0,0,0,0,0,0,0,0,1,0,0,1,0,0,0,56,29,35
4,0,0,0,1,0,0,0,0,0,0,0,0,0,1,0,0,1,0,0,0,0,2247,666,353
4,0,0,0,1,0,0,0,0,1,0,0,0,0,0,0,0,1,0,0,0,0,7,3,4
6,0,0,0,1,0,0,0,0,0,0,0,0,0,1,0,0,0,0,1,0,0,29,16,16
8,0,0,0,1,0,0,0,0,0,0,0,0,0,1,0,0,0,0,1,0,0,17,5,6
6,0,0,1,0,0,0,0,0,0,0,0,0,0,1,0,0,1,0,0,0,0,66,30,40
5,0,0,0,1,0,0,0,0,0,0,0,0,1,0,0,0,1,0,0,0,0,44,37,49
5,1,0,0,0,0,0,1,0,0,0,0,0,0,0,0,0,1,0,0,0,0,18,15,13
2,0,0,0,1,0,0,0,0,0,0,0,0,0,1,0,0,0,0,0,0,1,360,86,74
5,0,0,0,1,0,0,0,0,0,0,0,0,0,0,1,0,1,0,0,0,0,344,209,222
7,0,0,0,1,0,0,0,0,0,0,0,0,0,0,1,0,0,1,0,0,0,11,10,16
6,0,0,0,1,0,0,0,0,0,0,0,0,1,0,0,0,1,0,0,0,0,75,45,47
7,0,0,0,1,0,0,0,0,0,0,0,0,1,0,0,0,1,0,0,0,0,12,11,11
7,0,0,0,1,0,0,0,0,0,0,0,0,1,0,0,0,1,0,0,0,0,71,55,52
7,0,0,0,1,0,0,0,0,0,0,0,1,0,0,0,0,1,1,0,0,0,129,109,111
8,0,0,0,1,0,0,0,0,0,0,0,1,0,0,0,0,1,1,0,0,0,103,83,84
4,0,0,0,1,0,0,1,0,0,0,0,0,0,1,0,0,1,0,0,0,0,103,47,67
6,0,0,0,1,0,0,1,0,0,0,0,0,0,1,0,0,1,0,0,0,0,87,26,39
9,0,0,0,1,0,0,1,0,0,0,0,0,0,1,0,0,1,0,0,0,0,24,24,31
5,1,0,0,0,0,0,0,0,0,0,0,0,0,1,0,0,0,0,0,0,1,422,266,177
6,1,0,0,0,0,0,0,0,0,0,0,0,0,1,0,0,0,0,0,0,1,45,31,35
5,1,0,0,0,0,0,0,0,0,0,0,0,0,1,0,0,0,0,0,0,1,10,5,6
4,0,0,0,1,0,0,0,0,0,0,0,0,0,1,0,0,1,0,0,0,0,32,17,15
5,0,0,0,1,0,0,0,0,0,0,0,0,0,1,0,0,1,0,0,0,0,21,7,9
4,0,0,0,1,0,0,0,0,0,1,0,0,0,0,0,0,1,0,0,0,0,418,291,228
5,0,0,0,1,0,0,0,0,0,1,0,0,0,0,0,0,0,1,0,0,0,17,14,19
5,0,0,0,1,0,0,0,0,0,1,0,0,0,0,0,0,1,0,0,0,0,147,110,134
6,0,0,0,1,0,0,0,0,0,1,0,0,0,0,0,0,1,1,0,0,0,1,1,2
3,0,0,0,1,0,0,0,0,0,1,0,1,0,0,0,0,1,0,0,0,0,330,179,167
4,0,0,0,1,0,0,0,0,0,1,0,1,0,0,0,0,1,0,0,0,0,66,56,72
7,0,0,0,1,0,0,0,0,0,1,0,1,0,0,0,0,1,0,0,0,0,27,12,18
4,0,0,0,1,0,0,0,0,1,0,0,1,0,1,0,0,1,0,0,0,0,139,44,50
5,0,0,0,1,0,0,0,0,1,0,0,1,0,1,0,0,1,0,0,0,0,25,11,15
5,0,0,0,1,0,0,0,0,0,0,0,1,0,1,0,0,0,1,0,0,0,446,152,148
6,0,0,0,1,0,0,0,0,0,0,0,1,0,1,0,0,0,1,0,0,0,22,10,9
8,0,0,0,1,0,0,0,0,0,0,0,1,0,0,0,0,0,1,0,0,0,14,7,11
8,0,0,0,1,0,0,0,1,0,0,0,1,0,0,0,0,1,0,0,0,0,53,29,35
9,0,0,0,1,0,0,0,1,0,0,0,1,0,0,0,0,1,0,0,0,0,28,13,7
6,0,0,0,1,0,0,0,1,0,0,0,1,0,0,0,0,1,0,0,0,0,56,1,1
8,0,0,0,1,0,0,0,0,0,0,0,1,0,0,0,0,1,0,0,0,0,29,16,23
6,0,0,0,1,0,0,0,0,0,1,0,1,0,0,0,0,1,0,0,0,0,106,28,29
3,0,0,0,1,0,0,0,0,1,1,0,0,0,1,0,0,1,0,0,0,0,33,19,28
8,0,0,0,1,0,0,0,0,0,1,0,0,1,0,0,0,1,0,0,0,0,26,14,26
6,0,0,0,1,0,0,0,0,1,1,0,0,0,0,0,0,1,0,0,0,0,35,30,48
4,0,0,0,1,0,0,0,0,0,0,0,1,0,1,0,0,0,1,0,0,1,257,28,15
6,1,0,0,0,0,0,0,0,0,0,0,0,0,0,1,0,1,0,0,0,0,2,2,6
6,1,0,0,0,0,0,0,0,0,0,0,0,1,1,0,0,0,1,0,0,0,881,534,322
7,1,0,0,0,0,0,0,0,0,0,0,0,1,1,0,0,0,1,0,0,0,37,27,48
6,1,0,0,0,0,0,0,0,0,0,0,0,1,1,0,0,0,1,0,0,0,17,17,19
5,1,0,0,0,0,0,0,0,0,0,0,0,1,1,0,0,0,1,0,0,0,1464,826,451
6,1,0,0,0,0,0,0,0,0,0,0,0,1,1,0,0,0,1,0,0,0,26,22,23
5,1,0,0,0,0,0,0,0,0,0,0,0,1,1,0,0,0,1,0,0,0,202,136,102
3,1,0,0,0,0,0,0,0,1,0,0,0,0,0,0,0,1,0,0,0,0,405,237,191
4,1,0,0,0,0,0,0,0,0,0,0,0,0,1,0,0,0,0,0,0,1,16,13,23
3,1,0,0,0,0,0,0,0,0,0,0,0,1,0,0,0,1,0,0,0,0,10,9,10
7,1,0,0,0,0,0,0,0,0,0,0,0,0,1,0,0,1,0,0,0,0,38,35,34
5,0,0,0,0,0,0,0,0,1,0,0,0,0,0,0,0,1,0,0,0,0,1,1,1
4,1,0,0,0,0,0,0,0,0,0,0,0,0,0,1,0,1,0,1,0,0,51,40,52
5,1,0,0,0,0,0,0,0,0,0,0,1,0,0,0,0,1,0,0,0,0,43,21,33
4,0,0,0,0,1,0,0,0,0,0,1,0,0,0,0,0,1,0,0,0,0,18,9,9
5,0,0,0,0,1,0,0,0,0,1,0,0,0,0,0,0,1,0,0,0,0,8,8,10
6,0,0,0,0,1,0,0,1,0,0,0,0,0,0,0,0,1,0,0,0,0,1,1,2
6,0,0,0,0,1,0,0,1,0,0,0,0,0,0,0,0,1,0,0,0,0,1,1,1
8,0,0,0,0,1,0,0,0,0,0,0,1,0,0,0,0,1,0,0,0,0,18,10,16
7,0,0,0,0,1,0,0,0,0,0,0,0,0,0,0,1,1,0,0,0,0,5,5,6
8,0,0,0,1,0,0,0,0,1,0,0,0,1,0,0,0,1,0,0,0,0,15,5,9
5,0,0,0,1,0,0,0,0,0,0,0,0,0,0,1,0,1,1,0,0,0,15,12,14
6,0,0,0,1,0,0,0,0,0,1,0,0,0,0,1,0,1,1,0,0,0,11,11,17
6,0,0,0,0,1,0,0,0,0,0,0,1,0,0,0,1,1,0,0,0,0,45,38,50
4,0,0,0,0,1,0,0,0,0,0,0,1,0,0,0,0,1,0,0,0,0,14,10,13
6,0,0,0,0,1,0,0,0,0,1,0,1,0,0,0,0,1,0,0,0,0,40,30,37
5,0,0,0,0,1,0,0,0,0,1,0,0,0,0,0,0,1,0,0,0,0,6,5,7
4,0,0,0,0,1,0,0,0,1,0,0,0,0,0,0,0,1,0,0,0,0,10,5,6
5,0,0,0,0,1,0,0,0,1,0,0,0,0,0,0,0,1,0,0,0,0,13,8,11
8,0,0,0,0,1,0,0,0,0,0,0,1,0,0,0,0,1,0,0,0,0,39,14,14
6,0,0,0,0,1,0,0,1,0,0,0,0,0,0,0,0,1,0,0,0,0,5,4,7
7,0,0,0,0,1,0,0,0,0,0,0,0,0,0,1,0,1,0,0,0,0,39,27,35
6,0,0,0,0,1,0,0,0,0,0,0,1,0,0,0,0,1,0,0,0,0,17,13,24
3,0,0,0,0,1,0,0,0,0,1,0,0,0,0,0,0,1,0,0,0,0,18,9,13
7,0,0,0,0,1,0,0,0,0,0,0,1,0,0,0,1,1,0,0,0,0,11,7,26
8,0,0,0,0,1,0,0,0,0,0,0,1,0,0,0,0,1,0,0,0,0,0,0,0
7,0,0,0,0,1,0,1,0,0,0,0,0,0,0,0,0,1,0,0,0,0,14,9,16
3,0,0,0,0,1,0,0,0,1,0,0,0,0,0,0,0,1,0,0,0,0,54,37,44
3,0,0,0,0,1,0,0,0,1,0,0,0,0,0,0,0,1,0,0,0,0,2,2,5
4,0,0,0,1,0,0,0,0,1,0,0,0,0,0,0,0,1,0,0,0,0,7,2,2
3,0,0,0,0,1,0,0,0,0,0,0,0,0,0,1,0,1,0,0,0,0,5,3,8
4,0,0,0,0,1,0,0,0,0,0,0,0,0,0,1,0,1,0,0,0,0,3,3,3
3,0,0,0,0,1,0,0,0,0,0,0,0,0,0,1,0,1,0,1,0,0,144,97,108
4,0,0,0,0,1,0,0,0,0,0,0,1,0,0,0,1,1,0,0,0,0,3,2,2
5,0,0,0,0,1,0,0,0,0,0,0,1,0,0,0,0,1,0,0,0,0,22,16,19
6,0,0,0,0,1,0,0,0,0,0,0,1,0,0,0,0,1,0,0,0,0,10,10,13
10,0,0,0,1,0,0,1,0,0,0,0,0,0,0,0,0,1,0,0,0,0,10,2,2
10,0,0,0,1,0,0,0,0,0,0,0,0,0,0,1,0,1,0,1,0,0,1,1,2
5,0,0,0,1,0,0,0,0,0,0,0,0,0,0,1,0,1,0,0,0,0,7,7,9
4,0,0,0,1,0,0,1,0,0,0,0,0,0,0,0,0,1,0,0,0,0,4,4,6
5,0,0,0,1,0,0,0,0,1,0,0,0,0,0,0,0,1,0,0,0,0,280,181,142
4,0,0,0,1,0,0,0,0,0,0,0,0,0,0,0,1,1,0,0,0,0,55,49,62
5,0,0,0,1,0,0,1,0,0,0,0,0,0,0,0,0,1,0,0,0,0,145,67,82
6,0,0,0,1,0,0,1,0,0,0,0,0,0,0,0,0,1,0,0,0,0,28,22,28
5,0,0,0,1,0,0,1,0,0,0,0,0,0,0,0,0,1,0,0,0,0,13,13,22
6,0,0,0,1,0,0,1,0,0,0,0,0,0,0,0,0,1,0,0,0,0,12,9,14
6,0,0,0,1,0,0,0,0,0,0,0,0,0,0,1,0,1,0,0,0,0,61,40,58
10,0,0,0,1,0,0,0,0,0,0,0,0,0,1,0,0,0,0,0,0,1,2,2,3
6,0,0,0,1,0,0,0,0,0,0,0,1,0,0,0,0,1,0,0,0,0,84,23,24
11,0,0,0,1,0,0,0,0,0,0,0,0,0,0,1,0,1,0,0,0,0,1,1,2
7,0,0,0,1,0,0,0,0,0,1,0,0,0,0,0,0,1,0,0,0,0,35,23,31
18,0,0,0,1,0,0,0,0,0,0,0,1,0,0,0,0,1,0,0,0,0,2,2,2
8,0,0,0,1,0,0,0,0,0,0,0,1,0,0,0,0,1,0,0,0,0,9,5,7
7,0,0,0,1,0,0,0,0,0,1,0,0,0,0,0,0,1,0,0,0,0,15,13,15
9,0,0,0,0,1,0,0,0,0,0,0,1,0,0,0,1,1,0,0,0,0,3,3,5
5,0,0,0,1,0,0,0,0,0,0,1,0,0,0,0,0,1,0,0,0,0,56,43,62
10,0,0,0,1,0,0,1,0,0,0,0,0,0,0,0,0,1,0,0,0,0,2,2,3
6,0,0,0,1,0,0,0,0,0,0,0,0,0,0,1,0,1,0,0,0,0,4,4,4
8,1,0,0,0,0,0,0,0,1,0,0,0,0,0,0,0,1,0,0,0,0,18,13,29
4,1,0,0,0,0,0,0,0,0,1,0,0,0,0,0,0,1,0,0,0,0,16,11,15
6,1,0,0,0,0,0,0,0,0,0,0,0,0,0,1,0,0,0,1,0,0,10,10,13
5,1,0,0,0,0,0,0,0,0,1,0,0,0,0,0,0,1,0,0,0,0,17,9,11
6,1,0,0,0,0,0,0,1,0,0,0,0,0,0,0,0,1,0,0,0,0,12,2,2
7,1,0,0,0,0,0,0,0,0,0,0,0,0,0,1,0,1,0,0,0,0,5,4,21
4,0,0,0,1,0,0,0,0,0,1,0,0,0,0,0,0,1,0,0,1,0,2034,932,437
7,0,1,0,0,0,0,0,0,0,0,0,0,0,0,1,0,1,0,0,0,0,16,8,11
6,0,0,0,0,0,0,0,0,0,1,0,0,0,0,0,0,1,0,0,0,0,26,14,17
4,0,0,0,1,0,0,0,0,0,0,0,0,1,1,0,0,0,0,1,0,0,147,88,93
6,0,0,0,1,0,0,0,0,0,1,0,0,0,0,0,0,1,0,0,0,0,15,7,11
6,0,0,0,1,0,0,0,0,1,0,0,0,0,0,0,0,1,0,0,0,0,8,8,13
4,0,0,1,0,0,0,0,0,0,0,0,0,0,1,0,0,1,0,0,0,0,96,49,63
5,0,0,1,0,0,0,0,0,0,0,0,0,0,1,0,0,1,0,0,0,0,40,20,24
4,0,0,1,0,0,0,0,0,0,0,0,0,0,0,1,0,1,0,0,0,0,316,171,159
5,0,0,1,0,0,0,0,0,0,0,0,0,0,0,1,0,1,0,0,0,0,499,270,213
6,0,0,1,0,0,0,0,0,0,0,0,0,0,0,1,0,1,0,1,0,0,46,29,39
7,0,0,1,0,0,0,0,0,0,0,0,0,0,0,1,0,1,0,0,0,0,73,54,56
5,0,0,0,1,0,0,1,0,0,0,0,0,0,0,1,0,1,0,1,0,0,61,24,27
6,0,0,0,1,0,0,1,0,0,0,0,0,0,0,1,0,1,0,0,0,0,23,14,27
6,0,0,1,0,0,0,0,0,0,0,0,0,0,0,0,1,1,0,0,0,0,17,11,17
5,0,0,1,0,0,0,0,1,0,0,0,0,0,0,0,0,1,0,0,0,0,13,8,11
6,0,0,1,0,0,0,0,1,0,0,0,0,0,0,0,0,1,0,0,0,0,36,16,21
4,0,0,1,0,0,0,1,0,0,0,0,0,0,0,0,0,1,0,1,0,0,0,0,0
9,0,0,0,0,0,0,0,0,0,1,0,0,0,0,0,0,1,0,0,0,0,6,4,5
5,0,0,0,0,0,0,0,0,1,0,0,0,0,0,0,0,1,0,0,0,0,20,16,24
6,0,1,0,0,0,0,0,0,0,1,0,0,0,0,0,0,1,0,0,0,0,20,14,18
5,0,1,0,0,0,0,0,0,0,1,0,0,0,0,0,0,1,0,0,0,0,3,3,3
5,0,1,0,0,0,0,0,0,0,1,0,0,0,0,0,0,1,0,0,0,0,13,4,5
6,0,0,0,1,0,0,0,0,1,0,0,0,0,0,0,0,1,0,0,0,0,103,75,89
4,0,0,0,1,0,0,1,0,0,0,0,0,0,0,0,0,1,0,0,0,0,182,123,131
4,0,0,0,1,0,0,0,0,0,0,1,0,0,0,0,0,1,0,0,0,0,3,1,2
5,0,0,0,1,0,0,0,0,0,0,0,0,0,0,1,0,1,0,0,0,0,5,4,5
10,0,0,0,1,0,0,0,0,1,0,0,0,0,0,0,0,1,0,0,0,0,2,2,5
5,0,0,0,1,0,0,0,0,0,1,0,0,0,0,0,0,1,0,0,0,0,194,152,146
6,0,0,0,1,0,0,0,0,0,1,0,0,0,0,0,0,1,0,0,0,0,17,16,21
4,0,0,0,1,0,0,0,0,0,1,0,0,0,0,0,0,1,0,0,0,0,18,18,23
5,0,0,0,1,0,0,0,0,0,1,0,0,0,0,0,0,1,0,0,0,0,35,30,38
5,0,0,0,1,0,0,0,0,0,0,0,0,0,0,1,0,1,0,0,0,0,9,9,32
5,0,0,0,1,0,0,0,0,0,0,0,0,0,1,0,0,1,1,0,0,1,6,6,7
4,0,0,0,1,0,0,1,0,0,0,0,0,0,0,0,0,1,0,1,0,0,11,9,18
5,0,0,0,1,0,0,1,0,0,0,0,0,0,0,0,0,1,0,0,0,0,26,16,15
7,0,0,0,1,0,0,0,0,1,0,0,0,0,0,0,0,1,0,0,0,0,1,1,2
7,0,0,0,1,0,0,0,0,0,0,0,0,0,1,0,0,1,0,1,0,0,1,1,1
9,0,0,0,1,0,0,0,0,0,0,0,1,0,0,0,0,1,0,0,0,0,7,7,8
3,0,0,0,1,0,0,0,0,0,0,0,0,0,1,0,0,1,0,0,0,0,149,104,134
7,0,0,0,1,0,0,0,0,0,0,0,0,0,0,1,0,0,1,0,0,0,2,2,1
6,0,0,0,1,0,0,0,0,0,0,0,0,0,0,1,0,1,1,0,0,0,106,83,107
7,0,0,0,1,0,0,0,0,0,0,0,0,0,0,1,0,1,1,0,0,0,82,65,79
9,0,0,0,1,0,0,0,0,0,0,0,0,0,0,1,0,1,0,0,0,0,1,1,1
6,0,0,0,1,0,0,0,0,0,0,0,0,0,0,1,0,0,1,0,0,0,6,6,7
7,0,0,0,1,0,0,0,0,0,0,0,0,0,0,1,0,1,0,0,0,0,18,12,13
8,0,0,0,1,0,0,0,0,0,0,1,0,0,0,0,0,1,0,0,0,0,7,7,7
4,0,0,0,1,0,0,0,0,0,1,1,1,0,0,0,0,1,0,0,0,0,94,63,91
8,0,0,0,1,0,0,0,0,0,0,0,0,0,0,1,0,1,0,0,0,0,20,19,19
4,0,0,0,1,0,0,0,0,0,0,0,0,0,1,0,0,1,0,0,0,0,21,20,29
5,0,0,0,1,0,0,0,0,0,1,0,0,0,0,0,0,1,0,0,0,0,48,38,48
4,0,0,0,1,0,0,0,0,1,0,0,0,0,0,0,0,1,0,0,0,0,89,54,62
5,0,0,0,1,0,0,0,0,1,0,0,0,0,0,0,0,1,0,0,0,0,33,30,53
5,0,0,0,1,0,0,1,0,0,0,0,0,0,0,1,0,1,0,0,0,0,71,48,57
4,0,0,0,1,0,0,1,0,0,0,0,0,0,0,1,0,1,0,0,0,0,20,6,8
4,0,0,0,1,0,0,1,0,0,0,0,0,0,0,1,0,1,0,0,0,0,10,2,3
5,0,0,0,1,0,0,0,0,0,1,0,0,0,0,1,0,1,0,0,0,0,53,22,16
5,0,0,0,1,0,0,0,0,0,1,0,0,0,0,1,0,1,0,0,0,0,32,18,16
4,0,0,0,1,0,0,0,0,0,0,0,0,0,0,1,0,1,0,0,0,0,3,3,3
6,0,0,0,1,0,0,0,0,0,0,0,0,0,0,1,0,1,0,0,0,0,7,4,6
5,0,0,0,1,0,0,1,0,0,0,0,0,0,0,1,0,1,0,0,0,0,1,1,1
5,0,0,0,1,0,0,0,0,0,0,0,0,0,0,1,0,1,0,0,0,0,9,7,8
6,1,0,0,0,0,0,1,0,0,0,0,0,0,0,0,0,1,0,0,0,0,6,3,4
6,0,0,0,1,0,0,0,0,0,0,0,1,0,0,0,0,1,0,0,0,0,24,18,17
10,0,0,0,1,0,0,0,0,0,0,0,0,0,1,0,0,0,0,0,0,1,1,1,2
11,0,0,0,1,0,0,0,0,0,0,0,0,0,1,0,0,0,0,0,0,1,10,2,1
10,0,0,0,1,0,0,0,1,0,0,0,0,0,0,0,0,1,0,0,0,0,5,5,8
6,0,0,0,1,0,0,0,0,0,0,0,0,0,0,0,1,1,0,0,0,0,6,6,5
6,0,0,0,1,0,0,1,0,0,0,0,0,0,0,1,0,1,0,0,0,0,8,8,17
7,0,0,0,1,0,0,1,0,0,0,0,0,0,0,1,0,1,0,0,0,0,22,19,25
4,0,0,0,1,0,0,0,0,0,0,0,0,0,1,0,0,0,0,0,1,0,38,17,21
5,0,0,0,1,0,0,0,0,0,0,0,0,0,1,0,0,1,0,0,0,1,39,27,30
5,0,0,0,1,0,0,0,0,0,0,0,0,0,1,0,0,1,0,0,0,1,22,11,17
7,0,0,0,1,0,0,0,0,0,0,0,0,0,0,1,0,1,0,0,0,0,6,6,8
8,0,0,0,1,0,0,0,0,0,0,0,0,0,0,1,0,1,0,0,0,0,40,25,30
6,0,0,0,1,0,0,0,0,0,0,0,1,0,0,0,0,1,0,0,0,0,131,82,106
9,0,0,0,1,0,0,0,0,0,0,0,1,0,0,0,0,1,0,0,0,0,19,1,1
3,0,0,0,1,0,0,0,0,0,0,0,0,0,0,0,1,1,0,0,0,0,517,288,231
4,0,0,0,1,0,0,0,0,0,0,0,0,0,1,0,0,0,0,0,0,1,189,52,62
10,0,0,0,1,0,0,0,0,1,0,0,0,0,0,0,0,1,0,0,0,0,4,4,6
6,0,0,0,1,0,0,0,0,1,0,0,0,0,0,0,0,1,0,0,0,0,17,10,16
7,0,0,0,1,0,0,0,0,1,0,0,0,0,0,1,0,1,0,0,0,0,34,20,30
6,0,0,0,1,0,0,0,0,0,0,1,0,0,0,0,0,1,0,1,0,0,1046,425,279
7,0,0,0,1,0,0,0,0,0,0,1,0,0,0,0,0,1,0,0,0,0,91,55,59
6,0,0,0,1,0,0,0,0,0,0,1,0,0,0,0,0,1,0,0,0,0,42,34,46
7,0,0,0,1,0,0,0,0,0,0,0,0,0,0,1,0,1,0,0,0,0,3,3,4
7,0,0,0,1,0,0,0,0,0,1,0,0,0,0,0,0,1,0,0,0,0,23,14,15
9,0,0,0,1,0,0,0,1,0,0,0,0,0,0,0,0,1,0,0,0,0,26,8,11
10,0,0,0,1,0,0,0,1,0,0,0,0,0,0,0,0,1,0,0,0,0,15,9,10
8,0,0,0,1,0,0,0,0,1,0,0,0,0,0,0,0,1,0,1,0,0,1,1,2
6,0,0,0,1,0,0,0,0,0,0,0,0,0,0,0,1,1,0,0,0,0,44,30,29
5,0,0,0,1,0,0,0,0,0,0,0,0,0,0,1,1,1,0,1,0,0,101,73,95
5,0,0,0,1,0,0,0,0,1,0,0,0,0,0,0,0,1,0,0,0,0,21,17,19
10,0,0,0,1,0,0,0,0,1,0,0,0,0,0,0,0,1,0,0,0,0,1,1,1
6,0,0,0,1,0,0,0,0,0,0,0,0,0,1,0,0,0,0,0,1,0,9,8,11
7,0,0,0,1,0,0,0,0,1,0,0,0,0,0,0,0,1,0,0,0,0,3,3,3
5,0,0,0,1,0,0,0,0,0,0,0,0,0,0,1,0,1,0,0,0,0,10,9,13
6,0,0,0,1,0,0,0,0,0,0,0,0,0,0,1,0,1,0,0,0,0,24,11,18
5,0,0,0,1,0,0,0,0,0,0,0,1,0,0,0,0,1,0,0,0,0,369,221,157
7,0,0,0,1,0,0,0,0,0,0,0,1,0,0,0,0,0,0,1,0,0,53,40,51
7,0,0,0,1,0,0,0,0,0,0,0,1,0,0,0,0,0,0,1,0,0,11,11,18
6,0,0,0,1,0,0,0,0,0,0,0,1,0,0,0,0,1,0,0,0,0,11,3,4
8,0,0,0,1,0,0,0,0,0,0,0,1,0,0,1,0,1,0,0,0,0,2,2,3
8,0,0,0,1,0,0,0,0,0,0,0,0,0,0,1,0,0,0,1,1,0,275,103,114
5,0,0,0,1,0,0,0,0,0,0,0,0,0,0,1,0,1,0,0,0,0,74,36,42
7,0,0,0,1,0,0,0,0,0,0,0,0,0,0,1,0,1,0,0,0,0,1,1,1
5,0,0,0,1,0,0,0,0,0,1,0,0,0,0,0,0,1,0,0,0,0,50,44,56
6,0,0,0,1,0,0,0,0,0,1,0,0,0,0,0,0,1,0,0,0,0,44,32,33
4,0,0,0,1,0,0,0,0,0,0,0,0,0,0,1,0,1,0,0,0,0,6,5,5
8,0,0,0,1,0,0,0,0,0,0,0,1,0,0,0,0,1,0,0,0,0,47,30,50
6,0,0,0,1,0,0,0,0,0,0,0,0,0,1,0,0,1,1,1,0,0,481,300,251
7,0,0,0,1,0,0,0,0,0,0,0,0,0,1,0,0,1,1,1,0,0,249,142,132
7,0,0,0,1,0,0,0,0,0,0,1,0,0,0,0,0,1,0,0,0,0,163,110,113
8,0,0,0,1,0,0,0,0,0,0,1,0,0,0,0,0,1,0,0,0,0,18,16,19
9,0,0,0,1,0,0,0,0,0,0,0,0,0,0,1,0,1,0,0,0,0,45,5,11
4,0,0,0,1,0,0,0,0,0,0,0,1,0,0,0,0,0,1,1,0,0,406,173,142
10,0,0,0,1,0,0,0,0,0,0,0,0,0,0,1,0,1,0,0,0,0,12,9,16
3,0,0,0,1,0,0,0,0,0,0,0,0,0,1,0,0,1,0,0,0,0,76,43,53
8,0,0,0,1,0,0,0,0,1,0,0,0,0,0,0,0,1,0,0,0,0,19,19,19
8,0,0,0,1,0,0,0,0,0,0,0,0,0,0,0,1,1,0,0,0,0,1,1,1
6,0,0,0,1,0,0,0,0,0,0,0,0,0,0,1,0,1,0,0,0,0,5,5,6
5,0,0,0,1,0,0,0,0,0,0,0,1,0,0,0,0,1,0,0,0,0,11,8,9
7,0,0,0,1,0,0,0,0,0,0,0,0,1,0,0,0,1,0,1,0,0,8,8,10
5,0,0,0,1,0,0,0,1,0,0,0,0,0,0,0,0,1,0,0,0,0,7,5,4
7,0,0,0,1,0,0,0,0,0,0,0,0,0,1,1,0,1,0,0,0,0,27,15,17
8,0,0,0,1,0,0,0,0,0,0,0,0,0,1,1,0,1,0,0,0,0,14,8,9
6,0,0,0,0,0,1,1,0,0,0,0,0,0,0,1,0,1,0,0,0,0,11,6,7
5,0,0,0,1,0,0,0,0,0,0,0,0,0,0,0,1,1,0,0,0,0,17,14,14
5,0,0,0,1,0,0,0,0,0,0,0,1,0,0,0,0,1,0,0,0,0,5,4,13
5,0,0,0,1,0,0,0,0,0,0,0,0,0,0,1,0,1,1,0,0,0,9,6,8
10,0,0,0,1,0,0,1,0,0,0,0,0,0,0,0,0,1,0,1,0,0,1,1,2
6,0,0,0,0,0,1,0,0,0,1,0,0,0,0,0,0,1,0,0,0,0,19,16,29
9,0,0,0,0,0,1,1,0,0,0,0,0,0,0,0,0,1,0,0,0,0,5,5,6
6,0,0,0,0,0,1,1,0,0,0,0,0,0,0,0,0,1,0,0,0,0,5,5,6
6,0,0,0,0,0,1,0,0,0,0,0,1,0,0,0,0,1,0,0,0,0,17,8,11
6,0,0,0,0,0,1,0,0,0,1,0,0,0,0,0,0,1,0,0,0,0,3,2,4
8,0,0,0,0,0,1,0,1,0,0,0,0,0,0,0,0,1,0,0,0,0,8,3,4
6,0,0,0,0,0,1,0,0,0,0,0,0,0,0,1,0,1,0,0,0,0,26,12,36
6,0,0,0,0,0,1,0,0,0,0,0,0,0,0,1,0,1,0,0,0,0,52,12,18
8,0,0,0,0,0,1,0,0,0,0,0,0,1,0,0,0,1,0,0,0,0,10,2,2
5,0,0,0,0,0,0,0,0,0,0,0,0,0,0,1,0,1,0,0,0,0,6,5,6
9,0,0,0,0,0,0,0,0,0,1,0,0,0,0,0,0,1,0,0,0,0,13,7,8
4,0,1,0,0,0,0,0,0,0,1,0,0,0,0,1,0,1,0,0,0,0,12,10,10
8,0,0,0,0,1,0,0,0,0,1,0,0,0,0,0,0,1,0,0,0,0,1,1,1
6,0,0,0,0,0,0,0,0,1,0,0,0,0,0,0,0,1,0,0,0,0,5,4,4
16,0,0,0,0,0,0,0,0,0,0,0,1,0,0,0,0,1,0,0,0,0,18,9,11
7,0,0,0,0,0,0,0,0,1,0,0,0,0,0,0,0,1,0,0,0,0,2,2,5
10,0,0,0,0,0,0,0,0,0,0,0,0,0,0,1,0,1,1,0,0,0,25,21,23
11,0,0,0,0,0,0,0,0,0,0,0,0,0,0,1,0,1,1,0,0,0,15,8,11
8,0,0,0,1,0,0,0,0,0,1,0,0,0,0,0,0,1,1,0,0,0,25,16,21
6,0,0,0,1,0,0,0,1,0,0,0,0,0,0,0,0,1,0,0,0,0,9,9,13
7,0,0,0,1,0,0,0,1,0,0,0,0,0,0,0,0,1,0,0,0,0,9,7,13
4,0,0,0,1,0,0,0,0,0,0,0,0,0,1,0,0,1,0,0,0,0,449,153,102
3,0,0,0,1,0,0,0,0,1,1,0,0,0,0,0,0,1,0,0,0,0,211,109,93
7,0,0,0,1,0,0,0,0,0,0,0,0,1,0,0,0,1,0,0,0,0,25,24,32
8,0,0,0,1,0,0,0,0,0,0,0,0,1,0,0,0,1,0,0,0,0,94,61,66
12,0,0,0,1,0,0,0,0,0,0,0,0,0,1,0,0,1,0,0,0,1,47,19,17
13,0,0,0,1,0,0,0,0,0,0,0,0,0,1,0,0,0,0,0,1,0,20,10,16
7,0,0,0,1,0,0,0,1,0,0,0,0,0,0,0,0,0,1,0,0,0,20,10,16
5,0,0,0,1,0,0,0,0,1,0,0,0,0,0,0,0,1,0,0,0,0,31,18,22
6,0,0,0,1,0,0,0,0,0,0,0,1,0,0,0,0,1,0,0,0,0,77,37,50
5,0,0,0,1,0,0,0,0,0,1,0,0,0,0,0,0,1,0,0,0,0,12,8,15
4,0,0,0,1,0,0,0,0,1,0,0,0,0,0,0,0,1,0,0,0,0,86,35,32
4,0,0,0,1,0,0,0,0,0,1,0,0,0,0,0,0,1,0,0,0,0,251,98,83
5,0,0,0,1,0,0,0,0,0,1,0,0,0,0,0,0,1,0,0,0,0,10,4,6
5,0,0,0,1,0,0,0,0,1,1,0,0,0,0,0,0,1,0,0,0,0,46,3,5
6,0,0,0,1,0,0,0,0,0,1,0,0,0,0,0,0,1,0,0,0,0,12,11,19
4,1,0,0,0,0,0,0,0,0,0,0,0,0,0,1,0,1,0,0,0,0,55,45,51
4,0,0,0,1,0,0,0,0,0,0,0,0,1,0,0,0,1,0,0,0,0,8,7,11
5,0,0,0,1,0,0,0,0,0,0,0,0,0,0,1,0,1,1,0,0,0,18,12,16
8,0,0,0,1,0,0,0,0,0,0,0,0,0,0,1,0,0,1,0,0,0,13,11,19
7,0,0,0,1,0,0,0,0,0,0,0,1,0,0,0,0,1,0,0,0,0,3,3,6
4,0,0,0,1,0,0,0,0,0,0,0,0,0,1,0,0,1,1,0,0,1,309,154,181
6,0,0,0,1,0,0,0,0,0,0,0,0,0,1,0,0,0,1,0,0,0,124,51,58
6,0,0,0,1,0,0,0,0,0,0,0,0,0,1,0,0,0,1,0,0,0,20,15,23
6,0,0,0,1,0,0,0,0,0,0,0,0,0,0,0,1,1,0,0,0,0,146,114,97
4,0,0,0,1,0,0,0,0,0,0,0,1,0,0,0,0,1,1,0,0,0,163,110,161
5,0,0,0,1,0,0,0,0,0,0,0,1,0,0,0,0,1,0,0,0,0,17,12,18
5,0,0,0,1,0,0,0,0,0,0,0,1,0,0,0,0,1,1,0,0,0,14,7,9
5,0,0,0,1,0,0,1,0,0,0,0,0,0,0,0,0,1,0,1,0,0,201,83,109
5,0,0,0,1,0,0,1,0,0,0,0,0,0,0,0,0,1,0,1,0,0,553,299,275
5,0,0,0,1,0,0,0,0,1,0,0,0,0,0,0,0,1,0,0,0,0,69,32,38
8,0,0,0,1,0,0,0,0,1,0,0,0,0,0,0,0,1,0,0,0,0,6,3,3
6,1,0,0,0,0,0,0,0,0,0,0,0,0,1,0,0,1,0,0,0,1,19,13,17
