word_length,language_afroasiatic,language_native_american,language_creoles,language_indo_european,language_east_asian,language_niger_congo,semcat_1,semcat_2,semcat_3,semcat_4,semcat_5,semcat_6,semcat_7,semcat_8,semcat_9,semcat_10,pos_noun,pos_verb,pos_adj,pos_adv,pos_int,result
6,1,0,0,0,0,0,0,1,0,0,0,0,0,0,0,0,1,0,0,0,0,13
7,1,0,0,0,0,0,0,1,0,0,0,0,0,0,0,0,1,0,0,0,0,5
5,1,0,0,0,0,0,1,0,0,0,0,1,0,0,0,0,1,0,0,0,0,16
4,0,0,0,1,0,0,1,0,0,1,1,0,0,0,0,0,1,1,0,0,0,573
5,0,0,0,1,0,0,1,0,0,1,1,0,0,0,0,0,1,1,0,0,0,23
6,0,0,0,1,0,0,0,0,0,0,0,0,0,1,0,0,1,0,1,0,0,2
4,0,0,0,1,0,0,0,1,0,0,0,0,0,0,0,0,1,1,0,0,0,521
7,0,0,0,1,0,0,0,0,0,1,0,0,0,1,0,0,1,0,1,0,0,7
6,0,0,0,1,0,0,1,0,0,0,0,0,0,1,0,0,1,0,1,0,0,76
7,0,0,0,1,0,0,1,0,0,0,0,0,0,1,0,0,1,0,1,0,0,47
4,1,0,0,0,0,0,0,0,0,0,0,0,0,1,0,0,1,0,0,0,1,1029
4,1,0,0,0,0,0,0,0,1,0,0,0,0,1,0,0,1,0,0,0,0,116
6,1,0,0,0,0,0,0,0,1,0,0,0,0,1,0,0,0,1,0,0,0,85
7,1,0,0,0,0,0,0,0,1,0,0,0,0,1,0,0,0,1,0,0,0,12
7,1,0,0,0,0,0,0,0,1,0,0,0,0,1,0,0,0,1,0,0,0,68
5,1,0,0,0,0,0,0,0,1,0,0,0,0,1,0,0,0,1,1,0,0,160
2,0,0,0,0,0,1,1,0,0,0,0,0,0,0,0,0,1,0,0,0,0,1639
3,0,0,0,0,0,1,1,0,0,0,0,0,0,0,0,0,1,0,0,0,0,62
3,0,0,0,1,0,0,0,0,0,0,0,0,0,1,0,0,1,0,0,0,1,245
9,0,0,0,1,0,0,0,0,0,0,0,0,0,1,0,0,0,1,0,0,0,46
8,0,0,0,1,0,0,0,0,0,0,0,0,0,1,0,0,0,1,0,0,0,26
9,0,0,0,1,0,0,0,0,0,0,0,0,0,1,0,0,0,1,0,0,0,11
10,0,0,0,1,0,0,0,0,0,0,0,0,0,1,0,0,0,1,0,0,0,5
4,0,0,0,1,0,0,0,0,1,0,0,0,1,0,0,0,1,0,0,0,0,90
7,0,0,0,1,0,0,0,0,0,1,0,0,1,1,0,0,1,0,0,0,0,5
5,0,0,0,1,0,0,0,0,1,0,0,0,1,0,0,0,1,0,0,0,0,29
8,0,0,0,1,0,0,0,0,0,0,0,0,0,1,0,0,0,0,0,0,0,13
4,0,0,0,1,0,0,0,0,1,0,0,0,0,0,0,0,1,0,0,0,0,408
6,0,0,1,0,0,0,1,0,0,0,0,0,0,0,0,0,1,0,0,0,0,38
4,0,0,0,1,0,0,0,1,0,0,0,0,0,0,0,0,1,0,0,0,0,1
4,0,0,0,1,0,0,0,0,0,0,0,0,0,1,1,0,1,0,0,0,1,93
5,1,0,0,0,0,0,0,0,0,0,0,0,0,1,0,0,0,0,0,0,1,35
5,0,0,0,1,0,0,1,0,0,0,0,0,0,0,0,0,1,0,0,0,0,48
9,0,0,0,1,0,0,0,0,0,0,0,0,0,1,0,0,0,0,1,0,0,4
5,0,0,0,1,0,0,0,0,0,1,0,0,0,0,0,0,1,0,1,0,0,1147
4,0,0,0,1,0,0,0,0,0,0,0,0,0,0,1,0,1,1,0,0,0,1384
9,0,0,0,1,0,0,0,1,0,0,0,1,0,0,0,0,1,0,0,0,0,18
6,0,0,0,1,0,0,0,0,1,0,0,0,1,1,0,0,0,1,0,0,0,88
9,0,0,0,1,0,0,0,0,0,0,0,0,0,1,0,0,1,0,0,0,0,8
10,0,0,0,1,0,0,0,0,0,0,0,0,0,1,0,0,1,0,0,0,0,19
7,0,0,0,1,0,0,1,0,0,0,0,0,0,1,0,0,1,0,0,0,1,39
8,0,0,0,1,0,0,1,0,0,0,0,0,0,1,0,0,1,0,0,0,1,14
5,0,0,0,1,0,0,0,0,0,0,0,1,1,1,0,0,1,0,0,0,1,345
9,0,0,0,1,0,0,0,0,0,0,0,1,0,0,1,0,0,0,1,0,0,25
5,0,0,0,1,0,0,0,0,0,0,0,1,1,0,1,0,0,0,0,0,0,41
5,0,0,0,1,0,0,0,0,0,0,0,0,0,0,1,0,1,0,0,0,0,85
6,0,0,0,1,0,0,0,0,0,0,0,0,0,0,1,0,1,0,0,0,0,24
5,0,0,0,1,0,0,0,0,1,0,0,0,0,0,0,0,0,0,1,0,0,20
4,0,0,0,1,0,0,0,0,0,0,0,0,0,1,0,0,0,0,1,0,0,66
4,0,0,0,1,0,0,0,0,0,1,0,1,0,1,0,0,1,0,0,0,0,39
7,0,0,0,1,0,0,0,0,0,0,0,0,0,0,1,0,1,0,0,0,0,114
8,0,0,0,1,0,0,0,0,0,0,0,0,0,0,1,0,1,0,0,0,0,31
5,0,0,0,1,0,0,0,0,0,0,0,0,0,0,1,0,0,0,1,0,0,85
4,0,0,0,1,0,0,0,0,0,0,0,1,0,0,0,0,1,0,0,0,0,54
6,0,0,0,1,0,0,0,0,0,0,0,1,0,0,0,0,1,0,0,0,0,57
6,0,0,0,1,0,0,0,0,0,0,0,0,0,0,1,0,1,0,0,0,0,26
6,0,0,0,1,0,0,0,0,0,0,0,1,0,0,0,0,1,1,0,0,0,32
5,0,0,0,1,0,0,0,0,0,0,0,1,0,0,0,0,1,1,0,0,0,16
6,0,0,0,1,0,0,0,0,0,0,0,0,0,1,0,0,0,0,0,0,1,39
5,0,0,0,1,0,0,0,0,0,1,0,0,0,0,0,0,1,0,0,0,0,96
5,0,0,0,1,0,0,0,0,0,0,0,0,0,1,0,0,1,0,0,0,0,17
4,0,0,0,1,0,0,0,0,0,0,0,1,0,0,0,0,0,0,0,0,0,208
5,1,0,0,0,0,0,0,0,0,0,0,1,0,0,0,0,1,0,0,0,0,78
3,0,0,0,1,0,0,0,0,0,0,0,0,1,1,0,0,1,0,0,0,0,66
4,1,0,0,0,0,0,0,0,0,0,0,1,0,0,0,0,1,0,0,0,0,25
6,0,0,0,1,0,0,0,0,0,0,0,0,1,0,0,0,0,1,0,0,0,7
5,0,0,0,1,0,0,0,0,1,0,0,0,0,0,0,0,1,0,0,0,0,102
5,0,0,0,1,0,0,0,0,1,0,0,0,0,0,0,0,0,0,0,0,0,595
9,0,0,0,0,0,0,0,0,0,0,0,1,0,0,0,0,1,0,0,0,0,9
4,0,0,0,1,0,0,0,0,1,0,0,1,0,0,0,0,1,0,0,0,0,31
7,0,0,0,1,0,0,0,0,1,0,0,1,0,0,0,0,1,0,0,0,0,14
8,0,0,0,1,0,0,0,0,1,0,0,1,0,0,0,0,1,0,0,0,0,21
5,0,0,0,1,0,0,0,0,1,0,0,0,0,0,0,0,1,0,0,0,0,40
6,0,0,0,1,0,0,0,0,1,0,0,0,0,0,0,0,1,0,0,0,0,13
5,0,0,0,1,0,0,1,0,0,0,0,0,1,0,0,0,1,0,0,0,1,2056
6,0,0,0,1,0,0,0,0,0,0,0,0,0,0,0,1,1,0,0,0,0,43
7,0,0,0,1,0,0,0,0,0,0,0,0,0,0,0,1,1,0,0,0,0,2
7,0,0,0,1,0,0,1,0,0,0,0,0,1,0,0,0,1,0,0,0,0,322
8,0,0,0,1,0,0,0,0,0,0,0,0,0,1,0,0,1,0,0,0,1,24
9,0,0,0,1,0,0,0,0,0,0,0,0,0,1,0,0,1,0,0,0,0,11
5,0,0,0,1,0,0,0,0,0,0,0,0,1,0,0,0,1,0,0,0,0,73
6,0,0,0,1,0,0,0,0,0,0,0,0,1,1,0,0,0,0,1,0,0,44
7,0,0,0,1,0,0,0,0,0,0,0,0,1,1,0,0,0,0,1,0,0,35
5,0,0,0,1,0,0,0,0,0,1,0,0,0,1,0,0,0,0,1,0,0,26
5,0,0,0,1,0,0,0,0,0,0,0,1,1,0,0,0,1,0,0,0,0,8
7,0,0,0,1,0,0,0,0,0,0,0,1,1,0,0,0,1,1,0,0,0,11
5,0,0,0,1,0,0,0,0,0,0,0,0,1,1,0,0,0,0,1,0,0,12
5,0,0,0,1,0,0,1,0,0,0,0,0,0,1,0,0,1,0,0,0,0,11
7,0,0,0,1,0,0,0,0,0,0,0,0,0,0,1,0,1,0,1,0,0,33
5,0,0,0,1,0,0,0,0,0,0,0,1,1,0,0,0,1,1,0,0,0,15
5,0,0,0,1,0,0,0,0,1,0,0,1,0,0,0,0,1,1,0,0,0,235
5,0,0,0,1,0,0,0,0,0,1,0,0,0,1,0,0,1,0,0,0,0,13
5,0,0,0,1,0,0,0,0,0,0,0,0,1,0,0,0,1,1,0,0,0,93
7,0,0,0,1,0,0,0,0,0,0,0,0,1,0,0,0,0,1,0,0,0,31
6,0,0,0,1,0,0,0,0,0,0,0,0,1,0,0,0,0,1,0,0,0,15
8,0,0,0,1,0,0,0,0,0,0,0,0,1,0,0,0,0,1,0,0,0,10
4,0,0,0,1,0,0,0,0,0,0,0,0,0,1,0,0,1,0,0,0,0,177
5,0,0,0,1,0,0,0,0,0,0,0,0,0,1,0,0,1,0,0,0,0,58
3,0,0,0,1,0,0,0,0,0,0,0,0,0,1,0,0,1,0,0,0,1,81
4,0,0,0,1,0,0,0,0,0,0,0,0,0,1,0,0,1,0,0,0,1,9
3,0,0,0,1,0,0,0,0,0,1,0,0,0,1,0,0,1,0,0,0,1,259
4,0,0,0,1,0,0,0,0,0,0,1,0,0,0,0,0,1,0,0,0,0,2
3,0,0,0,1,0,0,0,0,0,0,0,0,0,0,0,1,1,0,0,0,0,59
5,0,0,0,1,0,0,0,0,0,0,0,0,0,0,1,0,0,1,0,0,0,7
4,0,0,0,1,0,0,0,0,0,0,0,0,1,1,0,0,1,1,0,0,1,2651
7,0,0,0,1,0,0,0,0,0,0,0,0,1,1,0,0,1,1,0,0,0,118
6,0,0,0,1,0,0,0,0,0,0,0,0,1,1,0,0,0,1,0,0,0,216
4,0,0,0,1,0,0,0,0,0,0,0,1,0,1,0,0,1,0,1,0,0,39
5,0,0,0,1,0,0,0,0,0,0,0,1,0,0,0,0,1,1,0,0,0,234
4,0,0,0,1,0,0,0,0,0,0,0,1,0,0,0,0,1,0,0,0,1,3006
5,0,0,0,1,0,0,0,0,0,0,0,1,0,0,0,0,1,0,0,0,0,37
9,0,0,0,1,0,0,0,0,0,0,0,1,0,0,0,0,0,1,0,0,0,8
8,0,0,0,1,0,0,0,0,0,0,0,1,0,0,0,0,0,1,0,0,0,12
4,0,0,0,1,0,0,0,0,0,0,0,1,0,0,0,0,1,0,0,0,0,422
5,0,0,0,1,0,0,1,0,0,0,0,0,0,0,0,0,1,0,0,0,1,394
6,0,0,0,1,0,0,1,0,0,0,0,0,0,0,0,0,1,0,0,0,0,81
9,0,0,0,1,0,0,0,0,0,0,0,0,0,0,0,1,1,0,0,0,0,174
10,0,0,0,1,0,0,0,0,0,0,0,0,0,0,0,1,1,0,0,0,0,48
5,0,0,0,1,0,0,0,0,0,0,0,0,0,1,0,0,1,0,0,0,1,15
4,0,0,0,1,0,0,0,1,0,0,0,0,0,0,0,0,1,0,0,0,0,9
5,0,0,0,1,0,0,0,0,1,0,0,0,1,1,0,0,0,1,1,0,0,77
6,0,0,0,1,0,0,1,0,1,0,0,0,0,0,0,0,1,0,0,0,0,10
7,0,0,0,1,0,0,1,0,1,0,0,0,0,0,0,0,1,0,0,0,0,34
2,0,0,0,1,0,0,1,0,0,0,0,0,1,0,0,0,1,0,0,0,0,245
3,0,0,0,1,0,0,1,0,0,0,0,0,1,0,0,0,1,0,0,0,0,56
6,0,0,0,1,0,0,1,0,0,0,0,0,0,0,0,0,1,0,0,0,0,229
6,0,0,0,1,0,0,1,0,0,0,0,0,0,0,0,0,1,0,0,0,0,23
5,0,0,0,1,0,0,0,0,0,0,0,0,0,1,0,0,0,0,0,0,1,52
4,0,0,0,1,0,0,0,0,0,0,0,0,0,1,0,0,0,0,0,0,1,229
4,0,0,0,1,0,0,0,0,0,0,0,0,0,1,0,0,1,0,1,0,1,39
4,0,0,0,1,0,0,0,0,0,0,0,1,0,0,0,0,1,0,1,0,1,225
5,0,0,0,1,0,0,0,0,0,0,0,1,0,0,0,0,1,0,0,0,0,41
4,0,0,0,1,0,0,0,0,1,0,0,0,0,0,0,1,1,0,0,0,0,381
3,0,0,0,1,0,0,0,0,0,0,0,0,1,0,0,0,1,0,0,0,0,20
5,0,0,0,1,0,0,0,0,0,0,0,0,1,0,0,0,1,0,0,0,1,258
2,0,0,0,1,0,0,0,0,0,0,0,0,0,1,0,0,0,0,0,0,1,1129
4,0,0,0,1,0,0,0,0,0,0,0,0,0,1,0,0,1,0,0,0,0,15
7,1,0,0,0,0,0,0,0,1,0,0,0,0,0,0,0,1,0,0,0,0,5
8,1,0,0,0,0,0,0,0,1,0,0,0,0,0,0,0,1,0,0,0,0,29
9,1,0,0,0,0,0,0,0,1,0,0,0,0,0,0,0,1,0,0,0,0,20
6,1,0,0,0,0,0,0,0,0,0,0,1,0,0,0,0,1,0,0,0,0,2
5,1,0,0,0,0,0,0,0,0,0,0,0,0,1,0,0,0,0,0,1,0,7
5,1,0,0,0,0,0,0,0,0,0,0,0,0,1,0,0,0,0,0,1,0,19
6,0,0,0,1,0,0,1,0,0,0,0,0,0,1,0,0,0,0,1,0,0,19
4,1,0,0,0,0,0,0,0,0,0,1,0,0,0,0,0,1,0,0,0,0,216
6,1,0,0,0,0,0,0,0,0,1,0,0,0,0,0,0,1,0,0,0,0,22
6,1,0,0,0,0,0,0,0,0,0,0,1,0,0,1,0,1,0,0,0,0,27
7,1,0,0,0,0,0,0,0,0,0,0,1,0,0,1,0,1,0,0,0,0,38
4,1,0,0,0,0,0,0,0,0,0,0,1,0,0,0,0,1,0,0,0,0,26
5,1,0,0,0,0,0,0,0,0,0,0,1,0,0,0,0,1,0,0,0,0,36
6,1,0,0,0,0,0,0,0,0,0,0,0,0,0,1,0,1,0,0,0,0,12
4,1,0,0,0,0,0,0,1,0,0,0,0,0,0,0,0,1,0,0,0,0,26
6,1,0,0,0,0,0,0,0,0,0,0,0,0,0,1,0,1,0,1,0,0,5
5,0,0,0,1,0,0,0,0,0,0,0,0,0,1,0,0,1,0,0,0,1,87
6,1,0,0,0,0,0,0,0,0,0,0,0,0,1,0,0,0,0,0,1,0,3
6,1,0,0,0,0,0,0,0,0,1,0,0,0,0,0,0,1,0,0,0,0,72
5,1,0,0,0,0,0,0,0,0,1,0,0,0,0,0,0,1,0,0,0,0,19
6,1,0,0,0,0,0,0,0,0,0,1,0,0,0,0,0,1,0,0,0,0,1
4,1,0,0,0,0,0,0,0,0,0,0,0,0,0,1,0,0,0,1,0,0,61
4,1,0,0,0,0,0,0,0,0,0,1,0,0,0,0,0,1,0,0,0,0,12
5,1,0,0,0,0,0,0,0,0,0,1,0,0,0,0,0,1,0,0,0,0,7
5,1,0,0,0,0,0,0,0,0,0,0,0,0,0,1,0,1,0,0,0,0,4
6,1,0,0,0,0,0,0,0,0,0,0,0,0,0,1,0,1,0,0,0,0,14
6,1,0,0,0,0,0,0,0,0,1,0,0,0,0,0,0,1,0,0,0,0,1
6,0,0,0,1,0,0,0,0,0,0,0,1,0,0,0,0,1,0,0,0,0,31
7,0,0,0,1,0,0,0,0,0,0,0,1,0,0,0,0,1,0,0,0,0,125
7,1,0,0,0,0,0,0,0,0,0,0,0,0,1,0,0,0,0,1,0,0,1
8,1,0,0,0,0,0,1,0,0,0,0,0,0,0,0,0,1,0,0,0,0,69
9,1,0,0,0,0,0,1,0,0,0,0,0,0,0,1,0,0,1,1,0,0,17
8,1,0,0,0,0,0,0,0,0,0,0,1,0,0,0,0,1,0,0,0,0,39
5,1,0,0,0,0,0,0,0,0,0,1,0,0,0,0,0,1,0,0,0,0,10
5,1,0,0,0,0,0,0,0,0,0,0,0,0,0,1,0,1,0,0,0,0,2
9,1,0,0,0,0,0,0,0,0,0,0,0,0,1,0,0,0,0,0,0,1,1
5,1,0,0,0,0,0,0,0,0,0,0,1,0,0,0,0,1,0,0,0,0,11
4,1,0,0,0,0,0,0,0,0,0,0,1,0,0,0,0,1,0,0,0,0,17
6,1,0,0,0,0,0,0,0,1,0,0,0,0,1,0,0,0,1,0,0,0,192
5,1,0,0,0,0,0,0,0,0,0,0,0,0,1,0,0,1,0,0,0,0,170
9,1,0,0,0,0,0,0,0,0,0,0,0,0,1,0,0,0,0,0,0,1,8
6,1,0,0,0,0,0,0,0,0,0,0,0,0,1,0,0,0,0,0,0,1,307
9,1,0,0,0,0,0,0,0,0,0,0,0,0,1,0,0,0,0,0,0,1,11
10,1,0,0,0,0,0,0,0,0,0,0,0,0,1,0,0,0,0,0,0,1,0
9,1,0,0,0,0,0,0,0,0,0,0,0,0,1,0,0,0,0,0,0,1,20
10,1,0,0,0,0,0,0,0,0,0,0,0,0,1,0,0,0,0,0,0,1,0
10,1,0,0,0,0,0,0,0,0,0,0,0,0,1,0,0,0,0,0,0,1,0
10,1,0,0,0,0,0,0,0,0,0,0,0,0,1,0,0,0,0,0,0,1,54
9,1,0,0,0,0,0,0,0,0,0,0,0,0,1,0,0,0,0,0,0,1,10
5,1,0,0,0,0,0,0,0,0,0,0,0,0,0,1,0,0,0,1,0,0,62
5,1,0,0,0,0,0,0,0,0,0,0,1,0,1,0,0,1,0,0,0,0,69
6,1,0,0,0,0,0,0,0,0,0,0,0,0,1,0,0,1,0,0,0,1,108
6,1,0,0,0,0,0,0,0,0,0,0,0,0,1,0,0,1,0,0,0,1,40
5,1,0,0,0,0,0,0,0,0,0,0,0,0,1,0,0,0,0,0,0,1,139
7,1,0,0,0,0,0,0,0,0,0,0,1,0,0,0,0,0,1,0,0,1,143
7,1,0,0,0,0,0,0,0,0,0,0,1,0,0,0,0,0,1,0,0,1,178
6,1,0,0,0,0,0,0,0,0,0,0,1,0,0,0,0,0,1,0,0,1,33
5,1,0,0,0,0,0,0,0,0,0,0,1,0,0,0,0,1,0,0,0,0,4
9,0,0,0,1,0,0,0,0,0,0,0,0,0,1,0,0,1,0,1,0,1,7
6,0,0,0,1,0,0,0,0,0,1,0,0,0,1,0,0,1,1,0,0,0,33
7,0,0,0,1,0,0,0,1,0,1,0,0,0,1,0,0,1,1,0,0,0,30
8,0,0,0,1,0,0,0,1,0,1,0,0,0,1,0,0,1,0,0,0,0,5
5,0,0,0,1,0,0,0,0,0,0,0,0,0,0,1,0,1,1,1,0,1,68
4,0,0,0,1,0,0,0,0,1,0,0,0,0,0,0,0,1,0,0,0,0,311
9,0,0,0,1,0,0,0,0,1,0,0,0,0,0,0,0,1,0,0,0,0,68
8,0,0,0,1,0,0,0,0,1,0,0,0,0,0,0,0,1,1,0,0,0,39
2,0,0,0,1,0,0,0,0,0,0,0,1,0,0,0,0,1,0,0,0,0,363
8,0,0,0,1,0,0,0,0,0,0,0,1,0,0,0,0,1,0,0,0,0,135
9,0,0,0,1,0,0,0,0,0,0,0,1,0,0,0,0,1,0,0,0,0,72
7,0,0,0,1,0,0,0,0,0,0,0,1,0,0,0,0,1,0,0,0,0,254
4,0,0,0,1,0,0,0,0,1,0,0,0,0,0,0,0,1,0,0,0,0,261
3,0,0,0,1,0,0,0,0,0,0,0,0,0,0,0,1,1,1,0,0,0,2305
4,0,0,0,1,0,0,0,0,0,0,0,0,0,0,0,1,1,0,0,0,0,77
5,0,0,0,1,0,0,0,0,0,0,0,0,0,1,0,1,0,0,1,0,0,46
6,0,0,0,1,0,0,0,0,0,0,0,0,0,1,0,1,1,0,0,0,0,74
3,0,0,0,1,0,0,0,0,0,0,0,1,1,1,0,1,1,1,0,0,0,78
11,0,0,0,1,0,0,0,0,0,0,0,0,0,0,0,1,1,0,1,0,0,47
7,0,0,0,1,0,0,0,0,0,0,0,0,0,0,0,1,1,0,0,0,0,95
4,0,0,0,1,0,0,0,0,1,0,0,0,0,0,1,0,1,0,0,0,0,108
4,0,0,0,1,0,0,0,0,0,0,0,0,0,0,0,1,1,0,0,0,0,402
5,0,0,0,1,0,0,0,0,0,0,0,0,0,0,0,1,1,0,0,0,0,119
5,0,0,0,1,0,0,0,0,0,0,0,0,0,0,0,1,1,0,0,0,0,37
4,0,0,0,1,0,0,0,0,0,0,0,0,0,1,0,0,1,0,0,0,0,171
5,0,0,1,0,0,0,0,0,0,0,0,0,0,0,0,1,1,0,0,0,0,27
4,0,0,0,1,0,0,0,0,0,0,0,0,0,0,0,1,1,0,0,0,0,1066
7,0,0,0,1,0,0,0,0,1,0,0,0,0,0,0,0,1,0,0,0,0,9
7,0,0,0,1,0,0,1,0,0,0,0,0,0,0,0,0,1,0,0,0,0,22
4,0,0,0,1,0,0,0,0,0,0,0,0,0,0,1,0,1,0,0,0,0,120
5,0,0,0,1,0,0,0,0,0,0,0,0,1,0,0,0,1,0,0,0,0,77
5,0,0,0,1,0,0,0,0,0,0,0,0,0,0,0,1,0,0,0,0,0,63
7,0,0,0,1,0,0,0,0,0,0,0,0,0,1,0,0,1,0,0,0,0,111
7,0,0,0,1,0,0,0,0,0,0,0,0,0,1,0,0,1,0,0,0,0,41
6,0,0,0,1,0,0,1,0,0,0,0,0,0,0,0,0,1,0,0,0,0,17
5,0,0,0,1,0,0,0,0,0,0,1,0,0,0,0,0,1,0,0,0,0,37
5,0,0,0,1,0,0,0,0,0,0,0,0,0,0,1,0,1,0,0,0,0,184
4,0,0,0,1,0,0,0,0,0,0,0,0,0,0,1,0,1,0,0,0,0,397
5,0,0,0,1,0,0,0,0,0,0,0,0,0,0,1,0,1,0,0,0,0,17
9,0,0,0,1,0,0,0,0,0,0,0,0,0,1,0,0,0,0,0,0,1,46
7,0,0,0,1,0,0,0,0,0,0,0,0,0,0,1,0,1,0,0,0,0,24
11,0,0,0,1,0,0,0,0,0,0,1,0,0,0,0,0,1,0,0,0,0,55
12,0,0,0,1,0,0,0,0,0,0,1,0,0,0,0,0,1,0,0,0,0,17
6,0,0,0,1,0,0,0,0,0,0,0,1,0,0,0,0,1,0,0,0,0,7
7,0,0,0,1,0,0,0,0,0,0,0,0,0,0,1,0,1,0,0,0,0,16
6,0,0,0,1,0,0,0,1,0,0,0,0,0,0,0,0,1,0,0,0,0,149
7,0,0,0,1,0,0,0,1,0,0,0,0,0,0,0,0,1,0,0,0,0,22
5,0,0,0,1,0,0,0,0,0,0,0,0,0,1,0,0,0,0,0,0,1,72
9,0,0,0,1,0,0,0,0,1,0,0,0,0,0,0,0,1,0,0,0,0,3
6,0,0,0,1,0,0,1,0,0,0,0,1,0,1,0,0,1,0,0,0,0,22
5,0,0,0,1,0,0,1,0,0,0,0,1,0,1,0,0,1,0,0,0,0,69
5,0,0,0,1,0,0,0,0,1,0,0,0,0,0,0,0,1,0,0,0,0,75
5,0,0,0,1,0,0,0,0,1,0,0,0,0,0,0,0,1,0,0,0,0,3
4,0,0,0,1,0,0,0,0,1,0,0,0,0,0,0,0,1,0,0,0,0,127
6,0,0,0,1,0,0,0,0,0,0,0,0,0,0,1,0,1,0,0,0,0,2
8,0,0,0,1,0,0,1,0,0,0,0,0,0,1,0,0,1,0,0,0,0,11
9,0,0,0,1,0,0,1,0,0,0,0,0,0,1,0,0,1,0,0,0,0,20
6,0,0,0,1,0,0,0,0,0,0,0,0,0,0,1,0,1,0,0,0,0,3
9,0,0,0,1,0,0,1,0,0,0,0,0,0,0,0,0,1,0,0,0,0,15
5,0,0,0,1,0,0,0,0,0,1,0,0,0,0,0,0,1,0,0,0,0,2
6,0,0,0,1,0,0,0,0,0,0,1,0,0,0,0,0,1,0,0,0,0,2
10,0,0,0,1,0,0,0,0,0,1,0,0,0,0,0,0,1,0,0,0,0,3
10,0,0,0,1,0,0,0,0,0,0,0,0,0,0,1,0,0,0,1,0,0,11
11,0,0,0,1,0,0,0,0,0,0,0,1,0,0,1,0,1,0,1,0,0,18
8,0,0,0,1,0,0,0,0,0,0,0,0,0,0,1,0,1,0,0,0,0,2
7,0,0,0,1,0,0,0,0,1,0,0,0,0,0,0,0,1,0,0,0,0,43
8,0,0,0,1,0,0,0,0,1,0,0,0,0,0,0,0,1,0,0,0,0,141
9,0,0,0,1,0,0,0,0,1,0,0,0,0,0,0,0,1,0,0,0,0,21
6,0,0,0,1,0,0,0,0,1,0,0,0,0,0,0,0,1,0,0,0,0,23
8,0,0,0,1,0,0,0,0,0,1,0,0,0,0,0,0,1,0,0,0,0,17
4,0,0,0,1,0,0,0,0,0,0,0,0,0,1,0,0,1,0,0,0,0,52
6,0,0,0,1,0,0,0,0,0,1,0,0,0,0,0,0,1,0,0,0,0,175
6,1,0,0,0,0,0,0,0,1,0,0,0,0,0,0,0,1,0,0,0,0,78
6,1,0,0,0,0,0,0,0,0,1,0,0,0,0,0,0,1,0,0,0,0,11
8,0,0,0,1,0,0,0,0,1,0,0,0,0,0,0,0,1,0,1,0,0,38
6,0,0,0,1,0,0,0,0,1,0,0,0,0,0,0,0,1,0,0,0,0,71
9,0,0,0,1,0,0,0,0,1,0,0,0,0,0,0,0,1,0,0,0,0,135
10,0,0,0,1,0,0,0,0,1,0,0,0,0,0,0,0,1,0,0,0,0,33
10,0,0,0,1,0,0,0,0,1,0,0,0,0,0,0,0,1,0,0,0,0,12
4,0,0,0,1,0,0,0,0,1,0,0,0,0,0,0,0,1,0,0,0,0,305
7,0,0,0,1,0,0,0,0,1,0,0,0,0,0,0,0,1,0,0,0,0,20
7,0,0,0,1,0,0,0,0,1,0,0,0,0,0,0,0,1,0,0,0,0,166
4,0,0,0,1,0,0,0,0,1,0,0,0,0,0,0,0,1,0,0,0,0,378
12,0,0,0,1,0,0,1,0,0,0,0,0,0,0,0,0,1,0,0,0,0,5
7,0,0,0,1,0,0,0,0,0,0,0,1,0,0,0,0,1,0,0,0,0,11
6,0,0,0,1,0,0,1,0,0,0,0,0,0,0,0,0,1,0,0,0,0,2
4,1,0,0,0,0,0,0,0,0,0,0,0,0,0,0,1,1,0,0,0,0,21
6,1,0,0,0,0,0,0,0,0,0,0,0,0,0,0,1,0,1,0,0,0,48
5,0,0,0,1,0,0,1,0,0,0,0,0,0,1,0,0,1,0,0,0,0,27
6,0,0,0,1,0,0,1,0,0,0,0,0,0,1,0,0,1,0,0,0,0,62
7,0,0,0,1,0,0,1,0,0,0,0,1,0,0,0,0,1,0,0,0,0,5
8,0,0,0,1,0,0,1,0,0,0,0,1,0,0,0,0,1,0,0,0,0,5
4,0,0,0,1,0,0,0,0,1,0,0,0,0,1,0,0,1,0,1,0,0,461
4,0,0,0,1,0,0,0,0,1,0,0,0,0,1,0,0,1,0,0,0,0,1532
9,0,0,0,1,0,0,0,0,0,0,0,0,0,1,0,0,1,0,0,0,0,14
4,0,0,0,1,0,0,0,0,1,0,0,1,1,0,0,0,1,1,0,0,0,71
5,0,0,0,1,0,0,0,0,0,1,0,0,0,0,0,0,0,0,1,0,0,35
11,0,0,0,1,0,0,0,0,0,0,0,0,1,0,0,0,0,1,0,0,0,14
10,0,0,0,1,0,0,0,0,0,0,0,0,0,0,1,0,0,0,1,0,0,1
8,0,0,0,1,0,0,0,0,0,0,0,0,0,0,1,0,1,0,0,0,0,6
8,0,0,0,1,0,0,0,0,0,0,0,0,0,0,1,0,1,0,0,0,0,1
6,0,0,0,1,0,0,0,0,0,0,0,0,0,0,1,0,1,0,0,0,0,61
6,0,0,0,1,0,0,1,0,0,0,0,0,0,0,0,0,1,0,0,0,0,20
6,0,0,0,1,0,0,1,0,0,0,0,0,0,0,0,0,1,0,0,0,0,42
4,0,0,0,1,0,0,1,0,0,0,0,0,0,0,1,0,1,0,0,0,0,11
5,0,0,0,1,0,0,1,0,0,0,0,0,0,0,1,0,1,0,0,0,0,20
4,0,0,0,1,0,0,0,0,0,0,0,0,0,1,0,0,0,0,1,0,0,196
4,0,0,0,1,0,0,0,0,0,0,0,0,0,1,0,0,0,0,1,0,0,155
11,1,0,0,0,0,0,0,0,0,0,0,0,0,0,1,0,1,0,0,0,0,28
12,1,0,0,0,0,0,0,0,0,0,0,0,0,1,0,0,0,0,0,0,1,2
6,0,0,0,1,0,0,0,0,1,0,0,0,0,0,0,0,1,0,0,0,0,12
7,0,0,0,1,0,0,0,0,0,1,0,0,0,0,0,0,1,0,0,0,0,36
8,0,0,0,1,0,0,0,0,1,0,0,0,0,0,0,0,1,0,0,0,0,1
6,0,0,0,1,0,0,1,0,0,0,0,0,0,0,0,0,1,0,0,0,0,3
5,0,0,0,1,0,0,1,0,0,0,0,0,0,0,0,0,1,0,0,0,0,5
5,0,0,0,1,0,0,0,0,0,0,0,0,0,1,0,0,0,0,0,0,1,59
5,0,0,0,1,0,0,0,0,0,0,0,0,0,1,0,0,0,0,0,0,1,12
5,0,0,0,1,0,0,0,0,0,0,0,0,0,1,0,0,0,0,1,0,0,25
5,0,0,0,1,0,0,0,0,0,0,0,0,0,1,0,0,0,0,1,0,0,37
5,0,0,0,1,0,0,0,0,0,0,0,0,0,1,0,0,0,0,1,0,0,324
5,0,0,0,1,0,0,0,0,0,0,0,0,0,1,0,0,1,0,0,0,0,99
5,0,0,0,1,0,0,0,0,0,0,0,0,0,1,0,0,1,0,0,0,0,73
6,0,0,0,1,0,0,0,0,0,0,0,0,0,1,0,0,1,0,0,0,0,14
6,0,0,0,1,0,0,0,0,0,0,0,0,0,1,0,0,1,0,0,0,0,25
8,0,0,0,1,0,0,0,0,0,0,0,1,0,0,0,0,1,0,0,0,0,65
7,0,0,0,1,0,0,0,0,0,1,0,0,0,0,0,1,1,0,0,0,0,273
8,0,0,0,1,0,0,0,0,0,1,0,0,0,0,0,1,1,0,0,0,0,63
5,0,0,0,1,0,0,0,0,0,1,0,0,0,0,0,0,1,0,0,0,0,6
5,0,0,0,1,0,0,0,0,0,0,0,0,0,1,0,0,1,0,0,0,0,174
3,0,0,0,1,0,0,0,0,0,0,0,0,0,1,0,0,1,0,0,0,0,706
8,0,0,0,1,0,0,0,0,0,0,0,1,0,0,0,0,1,0,0,0,0,57
5,0,0,0,1,0,0,1,0,0,0,0,0,0,0,0,0,1,0,0,0,0,6
6,0,0,0,1,0,0,0,0,0,1,0,0,0,0,0,0,1,0,0,0,0,62
7,0,0,0,1,0,0,0,0,0,1,0,0,0,0,0,0,1,0,0,0,0,84
7,0,0,0,1,0,0,0,0,0,0,0,0,0,0,1,0,1,0,0,0,0,3
6,0,0,0,1,0,0,0,0,0,0,0,0,0,0,1,0,1,0,1,0,0,71
4,0,0,0,1,0,0,0,0,1,0,0,0,0,0,0,0,1,0,0,0,0,7
5,0,0,0,1,0,0,0,0,0,0,0,0,0,0,1,0,0,1,0,0,0,33
6,0,0,0,1,0,0,0,0,1,0,0,0,0,0,0,0,1,0,0,0,0,1
7,0,0,0,1,0,0,0,0,0,0,0,1,0,0,0,0,1,0,0,0,0,16
8,0,0,0,1,0,0,0,0,0,0,0,1,0,0,0,0,1,0,0,0,0,11
7,0,0,0,1,0,0,1,0,0,0,0,0,0,0,0,0,1,0,0,0,0,4
5,0,0,0,1,0,0,1,0,0,0,0,0,0,0,0,0,1,0,1,0,0,103
6,0,0,0,1,0,0,1,0,0,0,0,0,0,0,0,0,1,0,1,0,0,79
5,0,0,0,1,0,0,1,0,0,0,0,0,0,1,0,0,1,0,0,0,0,2010
8,0,0,0,1,0,0,0,0,0,0,0,0,0,0,1,0,1,0,0,0,0,35
8,0,0,0,1,0,0,0,0,1,0,0,0,0,0,0,0,1,0,0,0,0,6
6,0,0,0,1,0,0,0,0,1,0,0,1,0,1,0,0,1,0,0,0,0,260
7,0,0,0,1,0,0,0,0,1,0,0,1,0,1,0,0,1,0,0,0,0,38
6,0,0,0,1,0,0,0,0,0,1,0,0,0,0,0,0,1,0,0,0,0,52
7,0,0,0,1,0,0,0,0,0,1,0,0,0,0,0,0,1,0,0,0,0,10
7,0,0,0,1,0,0,0,0,0,1,0,0,0,0,0,0,1,0,0,0,0,147
8,0,0,0,1,0,0,0,0,0,1,0,0,0,0,0,0,1,0,0,0,0,30
4,0,0,0,1,0,0,1,0,0,0,0,0,1,0,0,0,1,0,0,0,0,102
5,0,0,0,1,0,0,1,0,0,0,0,0,1,0,0,0,1,0,0,0,0,22
4,0,0,0,1,0,0,0,0,0,0,0,0,0,0,1,0,1,0,0,0,0,114
5,0,0,0,1,0,0,1,0,0,0,0,0,0,0,0,0,1,0,0,0,0,1
7,0,0,0,1,0,0,0,0,0,1,0,0,0,0,0,0,1,0,0,0,0,8
8,0,0,0,1,0,0,0,0,0,1,0,0,0,0,0,0,1,0,0,0,0,13
5,0,0,0,1,0,0,0,0,0,0,0,0,0,0,1,0,1,0,0,0,0,12
5,0,0,0,1,0,0,0,0,1,0,0,0,0,0,0,1,1,0,0,0,0,21
5,0,0,0,1,0,0,0,0,0,0,0,0,0,0,1,1,1,1,0,0,0,46
6,0,0,0,1,0,0,0,0,0,0,1,0,0,0,0,0,1,0,0,0,0,35
6,0,0,0,1,0,0,0,0,0,0,0,0,0,0,1,0,1,0,0,0,0,35
5,0,0,0,1,0,0,0,0,1,0,0,0,0,0,0,0,1,0,1,0,0,105
5,0,0,0,1,0,0,0,0,0,0,0,0,1,0,0,0,1,0,0,0,0,7
5,0,0,0,0,0,0,0,0,0,0,0,0,0,0,0,1,1,0,0,0,0,21
7,0,0,0,1,0,0,0,0,1,0,0,0,0,0,0,0,1,0,0,0,0,38
8,0,0,0,1,0,0,1,0,0,0,0,0,0,0,0,0,1,0,0,0,0,2
7,0,0,0,1,0,0,0,0,1,0,0,0,0,1,0,0,1,0,0,0,0,24
7,0,0,0,1,0,0,0,0,1,0,0,0,0,1,0,0,1,0,0,0,0,29
3,0,0,0,1,0,0,0,0,1,0,0,0,0,0,0,0,1,0,0,0,0,1
3,0,0,0,1,0,0,0,0,0,0,0,0,1,1,1,0,0,0,1,0,0,687
4,0,0,0,1,0,0,0,0,0,0,0,0,0,0,1,0,0,0,1,0,0,100
4,0,0,0,1,0,0,0,0,0,0,0,0,0,1,1,0,0,1,1,0,0,14
4,0,0,0,1,0,0,1,0,0,0,0,0,0,1,0,0,1,0,0,0,0,225
4,0,0,1,0,0,0,1,0,0,0,0,0,0,1,0,0,1,0,0,0,0,86
3,0,0,0,1,0,0,1,0,0,0,0,0,0,1,0,0,1,0,0,0,0,1018
4,0,0,0,1,0,0,1,0,0,0,0,0,0,1,0,0,1,0,0,0,0,115
4,0,0,0,1,0,0,1,0,0,0,0,0,0,1,0,0,1,0,0,0,0,44
5,0,0,0,1,0,0,1,0,0,0,0,0,0,1,0,0,1,0,0,0,0,29
6,0,0,0,1,0,0,0,0,0,0,0,0,0,1,0,0,1,0,0,0,0,31
7,0,0,0,1,0,0,0,0,0,0,0,0,0,1,0,0,1,0,0,0,0,32
5,0,0,0,1,0,0,0,0,0,0,0,0,1,0,0,0,1,0,0,0,0,29
5,1,0,0,0,0,0,0,0,1,0,0,0,0,1,0,0,0,1,0,0,0,404
4,0,0,0,1,0,0,0,0,0,0,0,0,0,1,0,0,1,0,0,0,0,1
6,0,0,0,1,0,0,0,0,1,0,0,0,0,0,0,0,1,0,0,0,0,26
5,0,0,0,1,0,0,0,0,1,0,0,0,0,0,0,0,1,0,0,0,0,613
4,0,0,0,1,0,0,0,0,0,0,0,0,0,0,1,0,1,0,0,1,0,164
4,0,0,0,1,0,0,0,0,0,1,0,0,0,0,0,0,1,0,0,0,0,12
5,0,0,0,1,0,0,0,0,0,0,1,0,0,0,0,0,1,0,0,0,0,34
6,0,0,0,1,0,0,0,0,0,0,1,0,0,0,0,0,1,0,0,0,0,46
5,0,0,0,1,0,0,0,0,0,0,0,0,0,0,1,0,1,0,0,0,0,113
7,0,0,0,1,0,0,0,0,0,0,0,0,0,0,1,0,1,0,0,0,0,62
4,0,0,0,1,0,0,0,0,0,0,0,0,0,1,0,0,1,0,0,0,1,293
5,0,0,0,1,0,0,0,0,0,0,0,0,0,0,0,1,1,1,0,0,0,24
5,0,0,0,1,0,0,0,0,0,0,0,0,0,0,1,0,1,0,0,0,0,60
5,0,0,0,1,0,0,0,0,1,0,0,0,0,0,0,0,1,0,0,0,0,7
5,0,0,0,1,0,0,0,1,0,0,0,0,0,1,0,0,1,0,0,0,0,20
6,0,0,0,1,0,0,0,1,0,0,0,0,0,1,0,0,1,0,0,0,0,35
4,0,0,0,1,0,0,0,0,0,0,0,0,0,1,0,0,0,0,1,0,0,449
5,0,0,0,1,0,0,0,0,0,0,0,0,0,0,0,1,1,0,0,0,0,108
5,0,0,0,1,0,0,0,0,0,0,0,0,0,0,1,0,1,0,0,0,0,141
7,0,0,0,1,0,0,0,0,0,0,0,0,0,0,1,0,1,0,0,0,0,36
6,0,0,0,1,0,0,1,0,0,0,0,0,0,1,0,0,1,0,0,0,0,49
6,0,0,0,1,0,0,0,0,0,1,0,0,0,0,0,0,1,0,0,0,0,14
6,0,0,0,1,0,0,0,0,0,0,0,1,0,0,0,0,1,0,0,0,0,206
6,0,0,0,1,0,0,0,0,0,0,1,0,0,0,0,0,1,0,0,0,0,0
5,0,0,0,1,0,0,0,0,0,0,0,1,1,0,1,0,1,0,0,0,0,73
5,1,0,0,0,0,0,0,0,0,0,0,0,0,0,1,0,0,1,0,0,0,3
4,0,0,0,1,0,0,0,0,0,0,0,0,0,1,0,0,0,0,0,0,1,10362
7,0,0,0,1,0,0,0,0,0,0,0,0,0,0,1,0,0,0,0,1,0,70
5,0,0,0,1,0,0,0,0,0,0,0,0,0,0,1,0,1,0,0,0,0,12
4,0,0,0,1,0,0,0,0,0,0,0,0,0,0,1,0,1,0,0,0,0,729
6,0,0,0,1,0,0,0,0,0,1,0,0,0,0,0,0,1,0,0,0,0,24
10,0,0,0,1,0,0,0,1,0,0,0,1,0,0,0,0,1,0,0,0,0,6
11,0,0,0,1,0,0,0,1,0,0,0,1,0,0,0,0,1,0,0,0,0,12
10,0,0,0,1,0,0,0,0,0,0,0,0,0,1,0,0,1,0,0,0,1,43
4,0,0,0,1,0,0,0,0,1,0,0,0,0,0,0,0,1,0,0,0,0,331
6,0,0,0,1,0,0,0,0,0,0,0,0,0,0,0,1,1,0,0,0,0,283
7,0,0,0,1,0,0,0,0,0,0,0,0,0,0,0,1,1,0,0,0,0,267
8,0,0,0,1,0,0,0,0,0,0,0,0,0,0,0,1,1,0,0,0,0,438
3,0,0,0,1,0,0,0,0,0,0,0,0,0,1,0,0,0,0,0,0,1,6429
4,1,0,0,0,0,0,1,0,0,0,0,0,0,1,0,0,1,0,0,0,0,165
5,1,0,0,0,0,0,1,0,0,0,0,0,0,1,0,0,1,0,0,0,0,26
3,1,0,0,0,0,0,1,0,0,0,0,0,0,1,0,0,1,0,0,0,0,275
7,0,0,0,1,0,0,0,0,0,0,0,0,0,0,0,1,1,0,0,0,0,173
5,0,0,0,1,0,0,0,0,1,0,0,0,0,1,0,0,1,0,0,0,0,167
4,0,0,0,1,0,0,0,0,1,0,0,0,0,1,0,1,1,1,0,0,0,84
6,0,0,0,1,0,0,0,0,1,0,0,0,0,1,0,1,0,1,0,0,0,17
7,0,0,0,1,0,0,0,0,1,0,0,0,0,1,0,1,0,1,0,0,0,46
6,0,0,0,1,0,0,0,0,1,0,0,0,0,0,0,0,1,0,0,0,0,53
7,0,0,0,1,0,0,0,0,1,0,0,0,0,0,0,0,1,0,0,0,0,20
2,0,0,0,1,0,0,0,0,0,0,0,0,0,0,1,0,1,0,1,0,0,270
5,0,0,0,1,0,0,0,0,0,0,0,0,0,0,1,0,1,0,0,0,0,796
6,0,0,0,1,0,0,0,0,0,0,0,0,0,0,1,0,1,0,0,0,0,20
3,0,0,0,1,0,0,0,0,0,1,0,0,0,0,0,0,1,0,0,0,0,156
5,0,0,0,1,0,0,0,0,0,0,0,1,0,0,0,0,1,1,0,0,0,52
7,0,0,0,1,0,0,1,0,0,0,0,0,0,0,0,0,1,0,0,0,0,11
4,0,0,0,1,0,0,0,0,0,0,0,0,0,1,0,1,1,0,1,0,0,21
4,0,0,0,1,0,0,0,0,1,0,0,0,0,0,1,0,0,0,1,0,0,277
5,0,0,0,1,0,0,0,0,1,0,0,0,0,0,1,0,1,0,1,0,0,158
4,1,0,0,0,0,0,0,0,0,0,0,1,0,0,0,0,1,0,0,0,0,464
6,1,0,0,0,0,0,0,0,0,0,0,0,0,0,1,0,0,1,0,0,0,56
4,0,0,0,1,0,0,0,0,0,0,0,0,0,1,0,0,1,0,0,0,0,2247
4,0,0,0,1,0,0,0,0,1,0,0,0,0,0,0,0,1,0,0,0,0,7
6,0,0,0,1,0,0,0,0,0,0,0,0,0,1,0,0,0,0,1,0,0,29
8,0,0,0,1,0,0,0,0,0,0,0,0,0,1,0,0,0,0,1,0,0,17
6,0,0,1,0,0,0,0,0,0,0,0,0,0,1,0,0,1,0,0,0,0,66
5,0,0,0,1,0,0,0,0,0,0,0,0,1,0,0,0,1,0,0,0,0,44
5,1,0,0,0,0,0,1,0,0,0,0,0,0,0,0,0,1,0,0,0,0,18
2,0,0,0,1,0,0,0,0,0,0,0,0,0,1,0,0,0,0,0,0,1,360
5,0,0,0,1,0,0,0,0,0,0,0,0,0,0,1,0,1,0,0,0,0,344
7,0,0,0,1,0,0,0,0,0,0,0,0,0,0,1,0,0,1,0,0,0,11
6,0,0,0,1,0,0,0,0,0,0,0,0,1,0,0,0,1,0,0,0,0,75
7,0,0,0,1,0,0,0,0,0,0,0,0,1,0,0,0,1,0,0,0,0,12
7,0,0,0,1,0,0,0,0,0,0,0,0,1,0,0,0,1,0,0,0,0,71
7,0,0,0,1,0,0,0,0,0,0,0,1,0,0,0,0,1,1,0,0,0,129
8,0,0,0,1,0,0,0,0,0,0,0,1,0,0,0,0,1,1,0,0,0,103
4,0,0,0,1,0,0,1,0,0,0,0,0,0,1,0,0,1,0,0,0,0,103
6,0,0,0,1,0,0,1,0,0,0,0,0,0,1,0,0,1,0,0,0,0,87
9,0,0,0,1,0,0,1,0,0,0,0,0,0,1,0,0,1,0,0,0,0,24
5,1,0,0,0,0,0,0,0,0,0,0,0,0,1,0,0,0,0,0,0,1,422
6,1,0,0,0,0,0,0,0,0,0,0,0,0,1,0,0,0,0,0,0,1,45
5,1,0,0,0,0,0,0,0,0,0,0,0,0,1,0,0,0,0,0,0,1,10
4,0,0,0,1,0,0,0,0,0,0,0,0,0,1,0,0,1,0,0,0,0,32
5,0,0,0,1,0,0,0,0,0,0,0,0,0,1,0,0,1,0,0,0,0,21
4,0,0,0,1,0,0,0,0,0,1,0,0,0,0,0,0,1,0,0,0,0,418
5,0,0,0,1,0,0,0,0,0,1,0,0,0,0,0,0,0,1,0,0,0,17
5,0,0,0,1,0,0,0,0,0,1,0,0,0,0,0,0,1,0,0,0,0,147
6,0,0,0,1,0,0,0,0,0,1,0,0,0,0,0,0,1,1,0,0,0,1
3,0,0,0,1,0,0,0,0,0,1,0,1,0,0,0,0,1,0,0,0,0,330
4,0,0,0,1,0,0,0,0,0,1,0,1,0,0,0,0,1,0,0,0,0,66
7,0,0,0,1,0,0,0,0,0,1,0,1,0,0,0,0,1,0,0,0,0,27
4,0,0,0,1,0,0,0,0,1,0,0,1,0,1,0,0,1,0,0,0,0,139
5,0,0,0,1,0,0,0,0,1,0,0,1,0,1,0,0,1,0,0,0,0,25
5,0,0,0,1,0,0,0,0,0,0,0,1,0,1,0,0,0,1,0,0,0,446
6,0,0,0,1,0,0,0,0,0,0,0,1,0,1,0,0,0,1,0,0,0,22
8,0,0,0,1,0,0,0,0,0,0,0,1,0,0,0,0,0,1,0,0,0,14
8,0,0,0,1,0,0,0,1,0,0,0,1,0,0,0,0,1,0,0,0,0,53
9,0,0,0,1,0,0,0,1,0,0,0,1,0,0,0,0,1,0,0,0,0,28
6,0,0,0,1,0,0,0,1,0,0,0,1,0,0,0,0,1,0,0,0,0,56
8,0,0,0,1,0,0,0,0,0,0,0,1,0,0,0,0,1,0,0,0,0,29
6,0,0,0,1,0,0,0,0,0,1,0,1,0,0,0,0,1,0,0,0,0,106
3,0,0,0,1,0,0,0,0,1,1,0,0,0,1,0,0,1,0,0,0,0,33
8,0,0,0,1,0,0,0,0,0,1,0,0,1,0,0,0,1,0,0,0,0,26
6,0,0,0,1,0,0,0,0,1,1,0,0,0,0,0,0,1,0,0,0,0,35
4,0,0,0,1,0,0,0,0,0,0,0,1,0,1,0,0,0,1,0,0,1,257
6,1,0,0,0,0,0,0,0,0,0,0,0,0,0,1,0,1,0,0,0,0,2
6,1,0,0,0,0,0,0,0,0,0,0,0,1,1,0,0,0,1,0,0,0,881
7,1,0,0,0,0,0,0,0,0,0,0,0,1,1,0,0,0,1,0,0,0,37
6,1,0,0,0,0,0,0,0,0,0,0,0,1,1,0,0,0,1,0,0,0,17
5,1,0,0,0,0,0,0,0,0,0,0,0,1,1,0,0,0,1,0,0,0,1464
6,1,0,0,0,0,0,0,0,0,0,0,0,1,1,0,0,0,1,0,0,0,26
5,1,0,0,0,0,0,0,0,0,0,0,0,1,1,0,0,0,1,0,0,0,202
3,1,0,0,0,0,0,0,0,1,0,0,0,0,0,0,0,1,0,0,0,0,405
4,1,0,0,0,0,0,0,0,0,0,0,0,0,1,0,0,0,0,0,0,1,16
3,1,0,0,0,0,0,0,0,0,0,0,0,1,0,0,0,1,0,0,0,0,10
7,1,0,0,0,0,0,0,0,0,0,0,0,0,1,0,0,1,0,0,0,0,38
5,0,0,0,0,0,0,0,0,1,0,0,0,0,0,0,0,1,0,0,0,0,1
4,1,0,0,0,0,0,0,0,0,0,0,0,0,0,1,0,1,0,1,0,0,51
5,1,0,0,0,0,0,0,0,0,0,0,1,0,0,0,0,1,0,0,0,0,43
4,0,0,0,0,1,0,0,0,0,0,1,0,0,0,0,0,1,0,0,0,0,18
5,0,0,0,0,1,0,0,0,0,1,0,0,0,0,0,0,1,0,0,0,0,8
6,0,0,0,0,1,0,0,1,0,0,0,0,0,0,0,0,1,0,0,0,0,1
6,0,0,0,0,1,0,0,1,0,0,0,0,0,0,0,0,1,0,0,0,0,1
8,0,0,0,0,1,0,0,0,0,0,0,1,0,0,0,0,1,0,0,0,0,18
7,0,0,0,0,1,0,0,0,0,0,0,0,0,0,0,1,1,0,0,0,0,5
8,0,0,0,1,0,0,0,0,1,0,0,0,1,0,0,0,1,0,0,0,0,15
5,0,0,0,1,0,0,0,0,0,0,0,0,0,0,1,0,1,1,0,0,0,15
6,0,0,0,1,0,0,0,0,0,1,0,0,0,0,1,0,1,1,0,0,0,11
6,0,0,0,0,1,0,0,0,0,0,0,1,0,0,0,1,1,0,0,0,0,45
4,0,0,0,0,1,0,0,0,0,0,0,1,0,0,0,0,1,0,0,0,0,14
6,0,0,0,0,1,0,0,0,0,1,0,1,0,0,0,0,1,0,0,0,0,40
5,0,0,0,0,1,0,0,0,0,1,0,0,0,0,0,0,1,0,0,0,0,6
4,0,0,0,0,1,0,0,0,1,0,0,0,0,0,0,0,1,0,0,0,0,10
5,0,0,0,0,1,0,0,0,1,0,0,0,0,0,0,0,1,0,0,0,0,13
8,0,0,0,0,1,0,0,0,0,0,0,1,0,0,0,0,1,0,0,0,0,39
6,0,0,0,0,1,0,0,1,0,0,0,0,0,0,0,0,1,0,0,0,0,5
7,0,0,0,0,1,0,0,0,0,0,0,0,0,0,1,0,1,0,0,0,0,39
6,0,0,0,0,1,0,0,0,0,0,0,1,0,0,0,0,1,0,0,0,0,17
3,0,0,0,0,1,0,0,0,0,1,0,0,0,0,0,0,1,0,0,0,0,18
7,0,0,0,0,1,0,0,0,0,0,0,1,0,0,0,1,1,0,0,0,0,11
8,0,0,0,0,1,0,0,0,0,0,0,1,0,0,0,0,1,0,0,0,0,0
7,0,0,0,0,1,0,1,0,0,0,0,0,0,0,0,0,1,0,0,0,0,14
3,0,0,0,0,1,0,0,0,1,0,0,0,0,0,0,0,1,0,0,0,0,54
3,0,0,0,0,1,0,0,0,1,0,0,0,0,0,0,0,1,0,0,0,0,2
4,0,0,0,1,0,0,0,0,1,0,0,0,0,0,0,0,1,0,0,0,0,7
3,0,0,0,0,1,0,0,0,0,0,0,0,0,0,1,0,1,0,0,0,0,5
4,0,0,0,0,1,0,0,0,0,0,0,0,0,0,1,0,1,0,0,0,0,3
3,0,0,0,0,1,0,0,0,0,0,0,0,0,0,1,0,1,0,1,0,0,144
4,0,0,0,0,1,0,0,0,0,0,0,1,0,0,0,1,1,0,0,0,0,3
5,0,0,0,0,1,0,0,0,0,0,0,1,0,0,0,0,1,0,0,0,0,22
6,0,0,0,0,1,0,0,0,0,0,0,1,0,0,0,0,1,0,0,0,0,10
10,0,0,0,1,0,0,1,0,0,0,0,0,0,0,0,0,1,0,0,0,0,10
10,0,0,0,1,0,0,0,0,0,0,0,0,0,0,1,0,1,0,1,0,0,1
5,0,0,0,1,0,0,0,0,0,0,0,0,0,0,1,0,1,0,0,0,0,7
4,0,0,0,1,0,0,1,0,0,0,0,0,0,0,0,0,1,0,0,0,0,4
5,0,0,0,1,0,0,0,0,1,0,0,0,0,0,0,0,1,0,0,0,0,280
4,0,0,0,1,0,0,0,0,0,0,0,0,0,0,0,1,1,0,0,0,0,55
5,0,0,0,1,0,0,1,0,0,0,0,0,0,0,0,0,1,0,0,0,0,145
6,0,0,0,1,0,0,1,0,0,0,0,0,0,0,0,0,1,0,0,0,0,28
5,0,0,0,1,0,0,1,0,0,0,0,0,0,0,0,0,1,0,0,0,0,13
6,0,0,0,1,0,0,1,0,0,0,0,0,0,0,0,0,1,0,0,0,0,12
6,0,0,0,1,0,0,0,0,0,0,0,0,0,0,1,0,1,0,0,0,0,61
10,0,0,0,1,0,0,0,0,0,0,0,0,0,1,0,0,0,0,0,0,1,2
6,0,0,0,1,0,0,0,0,0,0,0,1,0,0,0,0,1,0,0,0,0,84
11,0,0,0,1,0,0,0,0,0,0,0,0,0,0,1,0,1,0,0,0,0,1
7,0,0,0,1,0,0,0,0,0,1,0,0,0,0,0,0,1,0,0,0,0,35
18,0,0,0,1,0,0,0,0,0,0,0,1,0,0,0,0,1,0,0,0,0,2
8,0,0,0,1,0,0,0,0,0,0,0,1,0,0,0,0,1,0,0,0,0,9
7,0,0,0,1,0,0,0,0,0,1,0,0,0,0,0,0,1,0,0,0,0,15
9,0,0,0,0,1,0,0,0,0,0,0,1,0,0,0,1,1,0,0,0,0,3
5,0,0,0,1,0,0,0,0,0,0,1,0,0,0,0,0,1,0,0,0,0,56
10,0,0,0,1,0,0,1,0,0,0,0,0,0,0,0,0,1,0,0,0,0,2
6,0,0,0,1,0,0,0,0,0,0,0,0,0,0,1,0,1,0,0,0,0,4
8,1,0,0,0,0,0,0,0,1,0,0,0,0,0,0,0,1,0,0,0,0,18
4,1,0,0,0,0,0,0,0,0,1,0,0,0,0,0,0,1,0,0,0,0,16
6,1,0,0,0,0,0,0,0,0,0,0,0,0,0,1,0,0,0,1,0,0,10
5,1,0,0,0,0,0,0,0,0,1,0,0,0,0,0,0,1,0,0,0,0,17
6,1,0,0,0,0,0,0,1,0,0,0,0,0,0,0,0,1,0,0,0,0,12
7,1,0,0,0,0,0,0,0,0,0,0,0,0,0,1,0,1,0,0,0,0,5
4,0,0,0,1,0,0,0,0,0,1,0,0,0,0,0,0,1,0,0,1,0,2034
7,0,1,0,0,0,0,0,0,0,0,0,0,0,0,1,0,1,0,0,0,0,16
6,0,0,0,0,0,0,0,0,0,1,0,0,0,0,0,0,1,0,0,0,0,26
4,0,0,0,1,0,0,0,0,0,0,0,0,1,1,0,0,0,0,1,0,0,147
6,0,0,0,1,0,0,0,0,0,1,0,0,0,0,0,0,1,0,0,0,0,15
6,0,0,0,1,0,0,0,0,1,0,0,0,0,0,0,0,1,0,0,0,0,8
4,0,0,1,0,0,0,0,0,0,0,0,0,0,1,0,0,1,0,0,0,0,96
5,0,0,1,0,0,0,0,0,0,0,0,0,0,1,0,0,1,0,0,0,0,40
4,0,0,1,0,0,0,0,0,0,0,0,0,0,0,1,0,1,0,0,0,0,316
5,0,0,1,0,0,0,0,0,0,0,0,0,0,0,1,0,1,0,0,0,0,499
6,0,0,1,0,0,0,0,0,0,0,0,0,0,0,1,0,1,0,1,0,0,46
7,0,0,1,0,0,0,0,0,0,0,0,0,0,0,1,0,1,0,0,0,0,73
5,0,0,0,1,0,0,1,0,0,0,0,0,0,0,1,0,1,0,1,0,0,61
6,0,0,0,1,0,0,1,0,0,0,0,0,0,0,1,0,1,0,0,0,0,23
6,0,0,1,0,0,0,0,0,0,0,0,0,0,0,0,1,1,0,0,0,0,17
5,0,0,1,0,0,0,0,1,0,0,0,0,0,0,0,0,1,0,0,0,0,13
6,0,0,1,0,0,0,0,1,0,0,0,0,0,0,0,0,1,0,0,0,0,36
4,0,0,1,0,0,0,1,0,0,0,0,0,0,0,0,0,1,0,1,0,0,0
9,0,0,0,0,0,0,0,0,0,1,0,0,0,0,0,0,1,0,0,0,0,6
5,0,0,0,0,0,0,0,0,1,0,0,0,0,0,0,0,1,0,0,0,0,20
6,0,1,0,0,0,0,0,0,0,1,0,0,0,0,0,0,1,0,0,0,0,20
5,0,1,0,0,0,0,0,0,0,1,0,0,0,0,0,0,1,0,0,0,0,3
5,0,1,0,0,0,0,0,0,0,1,0,0,0,0,0,0,1,0,0,0,0,13
6,0,0,0,1,0,0,0,0,1,0,0,0,0,0,0,0,1,0,0,0,0,103
4,0,0,0,1,0,0,1,0,0,0,0,0,0,0,0,0,1,0,0,0,0,182
4,0,0,0,1,0,0,0,0,0,0,1,0,0,0,0,0,1,0,0,0,0,3
5,0,0,0,1,0,0,0,0,0,0,0,0,0,0,1,0,1,0,0,0,0,5
10,0,0,0,1,0,0,0,0,1,0,0,0,0,0,0,0,1,0,0,0,0,2
5,0,0,0,1,0,0,0,0,0,1,0,0,0,0,0,0,1,0,0,0,0,194
6,0,0,0,1,0,0,0,0,0,1,0,0,0,0,0,0,1,0,0,0,0,17
4,0,0,0,1,0,0,0,0,0,1,0,0,0,0,0,0,1,0,0,0,0,18
5,0,0,0,1,0,0,0,0,0,1,0,0,0,0,0,0,1,0,0,0,0,35
5,0,0,0,1,0,0,0,0,0,0,0,0,0,0,1,0,1,0,0,0,0,9
5,0,0,0,1,0,0,0,0,0,0,0,0,0,1,0,0,1,1,0,0,1,6
4,0,0,0,1,0,0,1,0,0,0,0,0,0,0,0,0,1,0,1,0,0,11
5,0,0,0,1,0,0,1,0,0,0,0,0,0,0,0,0,1,0,0,0,0,26
7,0,0,0,1,0,0,0,0,1,0,0,0,0,0,0,0,1,0,0,0,0,1
7,0,0,0,1,0,0,0,0,0,0,0,0,0,1,0,0,1,0,1,0,0,1
9,0,0,0,1,0,0,0,0,0,0,0,1,0,0,0,0,1,0,0,0,0,7
3,0,0,0,1,0,0,0,0,0,0,0,0,0,1,0,0,1,0,0,0,0,149
7,0,0,0,1,0,0,0,0,0,0,0,0,0,0,1,0,0,1,0,0,0,2
6,0,0,0,1,0,0,0,0,0,0,0,0,0,0,1,0,1,1,0,0,0,106
7,0,0,0,1,0,0,0,0,0,0,0,0,0,0,1,0,1,1,0,0,0,82
9,0,0,0,1,0,0,0,0,0,0,0,0,0,0,1,0,1,0,0,0,0,1
6,0,0,0,1,0,0,0,0,0,0,0,0,0,0,1,0,0,1,0,0,0,6
7,0,0,0,1,0,0,0,0,0,0,0,0,0,0,1,0,1,0,0,0,0,18
8,0,0,0,1,0,0,0,0,0,0,1,0,0,0,0,0,1,0,0,0,0,7
4,0,0,0,1,0,0,0,0,0,1,1,1,0,0,0,0,1,0,0,0,0,94
8,0,0,0,1,0,0,0,0,0,0,0,0,0,0,1,0,1,0,0,0,0,20
4,0,0,0,1,0,0,0,0,0,0,0,0,0,1,0,0,1,0,0,0,0,21
5,0,0,0,1,0,0,0,0,0,1,0,0,0,0,0,0,1,0,0,0,0,48
4,0,0,0,1,0,0,0,0,1,0,0,0,0,0,0,0,1,0,0,0,0,89
5,0,0,0,1,0,0,0,0,1,0,0,0,0,0,0,0,1,0,0,0,0,33
5,0,0,0,1,0,0,1,0,0,0,0,0,0,0,1,0,1,0,0,0,0,71
4,0,0,0,1,0,0,1,0,0,0,0,0,0,0,1,0,1,0,0,0,0,20
4,0,0,0,1,0,0,1,0,0,0,0,0,0,0,1,0,1,0,0,0,0,10
5,0,0,0,1,0,0,0,0,0,1,0,0,0,0,1,0,1,0,0,0,0,53
5,0,0,0,1,0,0,0,0,0,1,0,0,0,0,1,0,1,0,0,0,0,32
4,0,0,0,1,0,0,0,0,0,0,0,0,0,0,1,0,1,0,0,0,0,3
6,0,0,0,1,0,0,0,0,0,0,0,0,0,0,1,0,1,0,0,0,0,7
5,0,0,0,1,0,0,1,0,0,0,0,0,0,0,1,0,1,0,0,0,0,1
5,0,0,0,1,0,0,0,0,0,0,0,0,0,0,1,0,1,0,0,0,0,9
6,1,0,0,0,0,0,1,0,0,0,0,0,0,0,0,0,1,0,0,0,0,6
6,0,0,0,1,0,0,0,0,0,0,0,1,0,0,0,0,1,0,0,0,0,24
10,0,0,0,1,0,0,0,0,0,0,0,0,0,1,0,0,0,0,0,0,1,1
11,0,0,0,1,0,0,0,0,0,0,0,0,0,1,0,0,0,0,0,0,1,10
10,0,0,0,1,0,0,0,1,0,0,0,0,0,0,0,0,1,0,0,0,0,5
6,0,0,0,1,0,0,0,0,0,0,0,0,0,0,0,1,1,0,0,0,0,6
6,0,0,0,1,0,0,1,0,0,0,0,0,0,0,1,0,1,0,0,0,0,8
7,0,0,0,1,0,0,1,0,0,0,0,0,0,0,1,0,1,0,0,0,0,22
4,0,0,0,1,0,0,0,0,0,0,0,0,0,1,0,0,0,0,0,1,0,38
5,0,0,0,1,0,0,0,0,0,0,0,0,0,1,0,0,1,0,0,0,1,39
5,0,0,0,1,0,0,0,0,0,0,0,0,0,1,0,0,1,0,0,0,1,22
7,0,0,0,1,0,0,0,0,0,0,0,0,0,0,1,0,1,0,0,0,0,6
8,0,0,0,1,0,0,0,0,0,0,0,0,0,0,1,0,1,0,0,0,0,40
6,0,0,0,1,0,0,0,0,0,0,0,1,0,0,0,0,1,0,0,0,0,131
9,0,0,0,1,0,0,0,0,0,0,0,1,0,0,0,0,1,0,0,0,0,19
3,0,0,0,1,0,0,0,0,0,0,0,0,0,0,0,1,1,0,0,0,0,517
4,0,0,0,1,0,0,0,0,0,0,0,0,0,1,0,0,0,0,0,0,1,189
10,0,0,0,1,0,0,0,0,1,0,0,0,0,0,0,0,1,0,0,0,0,4
6,0,0,0,1,0,0,0,0,1,0,0,0,0,0,0,0,1,0,0,0,0,17
7,0,0,0,1,0,0,0,0,1,0,0,0,0,0,1,0,1,0,0,0,0,34
6,0,0,0,1,0,0,0,0,0,0,1,0,0,0,0,0,1,0,1,0,0,1046
7,0,0,0,1,0,0,0,0,0,0,1,0,0,0,0,0,1,0,0,0,0,91
6,0,0,0,1,0,0,0,0,0,0,1,0,0,0,0,0,1,0,0,0,0,42
7,0,0,0,1,0,0,0,0,0,0,0,0,0,0,1,0,1,0,0,0,0,3
7,0,0,0,1,0,0,0,0,0,1,0,0,0,0,0,0,1,0,0,0,0,23
9,0,0,0,1,0,0,0,1,0,0,0,0,0,0,0,0,1,0,0,0,0,26
10,0,0,0,1,0,0,0,1,0,0,0,0,0,0,0,0,1,0,0,0,0,15
8,0,0,0,1,0,0,0,0,1,0,0,0,0,0,0,0,1,0,1,0,0,1
6,0,0,0,1,0,0,0,0,0,0,0,0,0,0,0,1,1,0,0,0,0,44
5,0,0,0,1,0,0,0,0,0,0,0,0,0,0,1,1,1,0,1,0,0,101
5,0,0,0,1,0,0,0,0,1,0,0,0,0,0,0,0,1,0,0,0,0,21
10,0,0,0,1,0,0,0,0,1,0,0,0,0,0,0,0,1,0,0,0,0,1
6,0,0,0,1,0,0,0,0,0,0,0,0,0,1,0,0,0,0,0,1,0,9
7,0,0,0,1,0,0,0,0,1,0,0,0,0,0,0,0,1,0,0,0,0,3
5,0,0,0,1,0,0,0,0,0,0,0,0,0,0,1,0,1,0,0,0,0,10
6,0,0,0,1,0,0,0,0,0,0,0,0,0,0,1,0,1,0,0,0,0,24
5,0,0,0,1,0,0,0,0,0,0,0,1,0,0,0,0,1,0,0,0,0,369
7,0,0,0,1,0,0,0,0,0,0,0,1,0,0,0,0,0,0,1,0,0,53
7,0,0,0,1,0,0,0,0,0,0,0,1,0,0,0,0,0,0,1,0,0,11
6,0,0,0,1,0,0,0,0,0,0,0,1,0,0,0,0,1,0,0,0,0,11
8,0,0,0,1,0,0,0,0,0,0,0,1,0,0,1,0,1,0,0,0,0,2
8,0,0,0,1,0,0,0,0,0,0,0,0,0,0,1,0,0,0,1,1,0,275
5,0,0,0,1,0,0,0,0,0,0,0,0,0,0,1,0,1,0,0,0,0,74
7,0,0,0,1,0,0,0,0,0,0,0,0,0,0,1,0,1,0,0,0,0,1
5,0,0,0,1,0,0,0,0,0,1,0,0,0,0,0,0,1,0,0,0,0,50
6,0,0,0,1,0,0,0,0,0,1,0,0,0,0,0,0,1,0,0,0,0,44
4,0,0,0,1,0,0,0,0,0,0,0,0,0,0,1,0,1,0,0,0,0,6
8,0,0,0,1,0,0,0,0,0,0,0,1,0,0,0,0,1,0,0,0,0,47
6,0,0,0,1,0,0,0,0,0,0,0,0,0,1,0,0,1,1,1,0,0,481
7,0,0,0,1,0,0,0,0,0,0,0,0,0,1,0,0,1,1,1,0,0,249
7,0,0,0,1,0,0,0,0,0,0,1,0,0,0,0,0,1,0,0,0,0,163
8,0,0,0,1,0,0,0,0,0,0,1,0,0,0,0,0,1,0,0,0,0,18
9,0,0,0,1,0,0,0,0,0,0,0,0,0,0,1,0,1,0,0,0,0,45
4,0,0,0,1,0,0,0,0,0,0,0,1,0,0,0,0,0,1,1,0,0,406
10,0,0,0,1,0,0,0,0,0,0,0,0,0,0,1,0,1,0,0,0,0,12
3,0,0,0,1,0,0,0,0,0,0,0,0,0,1,0,0,1,0,0,0,0,76
8,0,0,0,1,0,0,0,0,1,0,0,0,0,0,0,0,1,0,0,0,0,19
8,0,0,0,1,0,0,0,0,0,0,0,0,0,0,0,1,1,0,0,0,0,1
6,0,0,0,1,0,0,0,0,0,0,0,0,0,0,1,0,1,0,0,0,0,5
5,0,0,0,1,0,0,0,0,0,0,0,1,0,0,0,0,1,0,0,0,0,11
7,0,0,0,1,0,0,0,0,0,0,0,0,1,0,0,0,1,0,1,0,0,8
5,0,0,0,1,0,0,0,1,0,0,0,0,0,0,0,0,1,0,0,0,0,7
7,0,0,0,1,0,0,0,0,0,0,0,0,0,1,1,0,1,0,0,0,0,27
8,0,0,0,1,0,0,0,0,0,0,0,0,0,1,1,0,1,0,0,0,0,14
6,0,0,0,0,0,1,1,0,0,0,0,0,0,0,1,0,1,0,0,0,0,11
5,0,0,0,1,0,0,0,0,0,0,0,0,0,0,0,1,1,0,0,0,0,17
5,0,0,0,1,0,0,0,0,0,0,0,1,0,0,0,0,1,0,0,0,0,5
5,0,0,0,1,0,0,0,0,0,0,0,0,0,0,1,0,1,1,0,0,0,9
10,0,0,0,1,0,0,1,0,0,0,0,0,0,0,0,0,1,0,1,0,0,1
6,0,0,0,0,0,1,0,0,0,1,0,0,0,0,0,0,1,0,0,0,0,19
9,0,0,0,0,0,1,1,0,0,0,0,0,0,0,0,0,1,0,0,0,0,5
6,0,0,0,0,0,1,1,0,0,0,0,0,0,0,0,0,1,0,0,0,0,5
6,0,0,0,0,0,1,0,0,0,0,0,1,0,0,0,0,1,0,0,0,0,17
6,0,0,0,0,0,1,0,0,0,1,0,0,0,0,0,0,1,0,0,0,0,3
8,0,0,0,0,0,1,0,1,0,0,0,0,0,0,0,0,1,0,0,0,0,8
6,0,0,0,0,0,1,0,0,0,0,0,0,0,0,1,0,1,0,0,0,0,26
6,0,0,0,0,0,1,0,0,0,0,0,0,0,0,1,0,1,0,0,0,0,52
8,0,0,0,0,0,1,0,0,0,0,0,0,1,0,0,0,1,0,0,0,0,10
5,0,0,0,0,0,0,0,0,0,0,0,0,0,0,1,0,1,0,0,0,0,6
9,0,0,0,0,0,0,0,0,0,1,0,0,0,0,0,0,1,0,0,0,0,13
4,0,1,0,0,0,0,0,0,0,1,0,0,0,0,1,0,1,0,0,0,0,12
8,0,0,0,0,1,0,0,0,0,1,0,0,0,0,0,0,1,0,0,0,0,1
6,0,0,0,0,0,0,0,0,1,0,0,0,0,0,0,0,1,0,0,0,0,5
16,0,0,0,0,0,0,0,0,0,0,0,1,0,0,0,0,1,0,0,0,0,18
7,0,0,0,0,0,0,0,0,1,0,0,0,0,0,0,0,1,0,0,0,0,2
10,0,0,0,0,0,0,0,0,0,0,0,0,0,0,1,0,1,1,0,0,0,25
11,0,0,0,0,0,0,0,0,0,0,0,0,0,0,1,0,1,1,0,0,0,15
8,0,0,0,1,0,0,0,0,0,1,0,0,0,0,0,0,1,1,0,0,0,25
6,0,0,0,1,0,0,0,1,0,0,0,0,0,0,0,0,1,0,0,0,0,9
7,0,0,0,1,0,0,0,1,0,0,0,0,0,0,0,0,1,0,0,0,0,9
4,0,0,0,1,0,0,0,0,0,0,0,0,0,1,0,0,1,0,0,0,0,449
3,0,0,0,1,0,0,0,0,1,1,0,0,0,0,0,0,1,0,0,0,0,211
7,0,0,0,1,0,0,0,0,0,0,0,0,1,0,0,0,1,0,0,0,0,25
8,0,0,0,1,0,0,0,0,0,0,0,0,1,0,0,0,1,0,0,0,0,94
12,0,0,0,1,0,0,0,0,0,0,0,0,0,1,0,0,1,0,0,0,1,47
13,0,0,0,1,0,0,0,0,0,0,0,0,0,1,0,0,0,0,0,1,0,20
7,0,0,0,1,0,0,0,1,0,0,0,0,0,0,0,0,0,1,0,0,0,20
5,0,0,0,1,0,0,0,0,1,0,0,0,0,0,0,0,1,0,0,0,0,31
6,0,0,0,1,0,0,0,0,0,0,0,1,0,0,0,0,1,0,0,0,0,77
5,0,0,0,1,0,0,0,0,0,1,0,0,0,0,0,0,1,0,0,0,0,12
4,0,0,0,1,0,0,0,0,1,0,0,0,0,0,0,0,1,0,0,0,0,86
4,0,0,0,1,0,0,0,0,0,1,0,0,0,0,0,0,1,0,0,0,0,251
5,0,0,0,1,0,0,0,0,0,1,0,0,0,0,0,0,1,0,0,0,0,10
5,0,0,0,1,0,0,0,0,1,1,0,0,0,0,0,0,1,0,0,0,0,46
6,0,0,0,1,0,0,0,0,0,1,0,0,0,0,0,0,1,0,0,0,0,12
4,1,0,0,0,0,0,0,0,0,0,0,0,0,0,1,0,1,0,0,0,0,55
4,0,0,0,1,0,0,0,0,0,0,0,0,1,0,0,0,1,0,0,0,0,8
5,0,0,0,1,0,0,0,0,0,0,0,0,0,0,1,0,1,1,0,0,0,18
8,0,0,0,1,0,0,0,0,0,0,0,0,0,0,1,0,0,1,0,0,0,13
7,0,0,0,1,0,0,0,0,0,0,0,1,0,0,0,0,1,0,0,0,0,3
4,0,0,0,1,0,0,0,0,0,0,0,0,0,1,0,0,1,1,0,0,1,309
6,0,0,0,1,0,0,0,0,0,0,0,0,0,1,0,0,0,1,0,0,0,124
6,0,0,0,1,0,0,0,0,0,0,0,0,0,1,0,0,0,1,0,0,0,20
6,0,0,0,1,0,0,0,0,0,0,0,0,0,0,0,1,1,0,0,0,0,146
4,0,0,0,1,0,0,0,0,0,0,0,1,0,0,0,0,1,1,0,0,0,163
5,0,0,0,1,0,0,0,0,0,0,0,1,0,0,0,0,1,0,0,0,0,17
5,0,0,0,1,0,0,0,0,0,0,0,1,0,0,0,0,1,1,0,0,0,14
5,0,0,0,1,0,0,1,0,0,0,0,0,0,0,0,0,1,0,1,0,0,201
5,0,0,0,1,0,0,1,0,0,0,0,0,0,0,0,0,1,0,1,0,0,553
5,0,0,0,1,0,0,0,0,1,0,0,0,0,0,0,0,1,0,0,0,0,69
8,0,0,0,1,0,0,0,0,1,0,0,0,0,0,0,0,1,0,0,0,0,6
6,1,0,0,0,0,0,0,0,0,0,0,0,0,1,0,0,1,0,0,0,1,19
